now_time,predict_time,id,lon,lat,10UV,MSL,ob,10UV_-1,10UV_-2,ob_-1,ob_-2,ob_-3,ob_-4,ob_-5,ob_-6,ob_-7,ob_-8,ob_-9,ob_-10,ob_-11,ob_-12,ob_-13,ob_-14,ob_-15
2015-10-13 08:00:00,2015-10-15 20:00:00,59127,117.833,24.433000000000003,2.2763039994503584,3.4862098690440466,2.5,1.9003205731824169,2.3814083290462817,4.3,4.3,5.6,4.3,5.4,2.3,2.9,3.0,2.9,2.2,4.1,4.3,2.8,7.4,11.7
2015-10-14 08:00:00,2015-10-16 20:00:00,59127,117.833,24.433000000000003,2.803662415341563,5.207998392662944,3.2,1.578179233772065,1.8140935324493823,2.7,4.3,4.3,5.6,4.3,5.4,2.3,2.9,3.0,2.9,2.2,4.1,4.3,2.8,7.4
2015-10-15 08:00:00,2015-10-17 20:00:00,59127,117.833,24.433000000000003,2.686659206139129,4.5006781521482235,4.4,2.89354328992369,2.0235370900158296,3.3,2.7,4.3,4.3,5.6,4.3,5.4,2.3,2.9,3.0,2.9,2.2,4.1,4.3,2.8
2015-10-16 08:00:00,2015-10-18 20:00:00,59127,117.833,24.433000000000003,2.5911897630512573,4.3651234855677785,4.1,2.947837111628719,2.9550430692591854,2.5,3.3,2.7,4.3,4.3,5.6,4.3,5.4,2.3,2.9,3.0,2.9,2.2,4.1,4.3
2015-10-17 08:00:00,2015-10-19 20:00:00,59127,117.833,24.433000000000003,2.8499984988676075,4.80401339523678,3.7,2.530920784446013,2.876080388690617,3.2,2.5,3.3,2.7,4.3,4.3,5.6,4.3,5.4,2.3,2.9,3.0,2.9,2.2,4.1
2015-10-18 08:00:00,2015-10-20 20:00:00,59127,117.833,24.433000000000003,3.2621577476344075,5.176237558950675,2.8,2.212904189782084,2.375228616221873,4.4,3.2,2.5,3.3,2.7,4.3,4.3,5.6,4.3,5.4,2.3,2.9,3.0,2.9,2.2
2015-10-19 08:00:00,2015-10-21 20:00:00,59127,117.833,24.433000000000003,2.5796506508939405,5.0507043550533135,3.9,2.579847972957052,2.7839609901202973,4.1,4.4,3.2,2.5,3.3,2.7,4.3,4.3,5.6,4.3,5.4,2.3,2.9,3.0,2.9
2015-10-20 08:00:00,2015-10-22 20:00:00,59127,117.833,24.433000000000003,1.5887748106267066,3.730113730844778,4.2,2.2634811181667938,2.5907516581995105,3.7,4.1,4.4,3.2,2.5,3.3,2.7,4.3,4.3,5.6,4.3,5.4,2.3,2.9,3.0
2015-10-21 08:00:00,2015-10-23 20:00:00,59127,117.833,24.433000000000003,1.9722114216704365,3.0960937332847607,3.2,2.4483435327956014,2.127176224087208,2.8,3.7,4.1,4.4,3.2,2.5,3.3,2.7,4.3,4.3,5.6,4.3,5.4,2.3,2.9
2015-10-22 08:00:00,2015-10-24 20:00:00,59127,117.833,24.433000000000003,2.118037280267795,3.8544752180320083,2.1,1.819424766150315,2.4942570591071185,3.9,2.8,3.7,4.1,4.4,3.2,2.5,3.3,2.7,4.3,4.3,5.6,4.3,5.4,2.3
2015-10-23 08:00:00,2015-10-25 20:00:00,59127,117.833,24.433000000000003,1.8610794817326497,2.113976364826385,2.2,2.432658581025781,1.3148174800887191,4.2,3.9,2.8,3.7,4.1,4.4,3.2,2.5,3.3,2.7,4.3,4.3,5.6,4.3,5.4
2015-10-24 08:00:00,2015-10-26 20:00:00,59127,117.833,24.433000000000003,1.0612075229394389,1.054315046665124,2.9,2.9413380647624114,2.317348741795067,3.2,4.2,3.9,2.8,3.7,4.1,4.4,3.2,2.5,3.3,2.7,4.3,4.3,5.6,4.3
2015-10-25 08:00:00,2015-10-27 20:00:00,59127,117.833,24.433000000000003,2.7653762897492618,2.3766960767990213,4.7,1.5636480095816219,1.7637543479193616,2.1,3.2,4.2,3.9,2.8,3.7,4.1,4.4,3.2,2.5,3.3,2.7,4.3,4.3,5.6
2015-10-26 08:00:00,2015-10-28 20:00:00,59127,117.833,24.433000000000003,1.7122623986009555,1.9228005184166927,2.4,2.9174697588938834,1.4348688292025569,2.2,2.1,3.2,4.2,3.9,2.8,3.7,4.1,4.4,3.2,2.5,3.3,2.7,4.3,4.3
2015-10-27 08:00:00,2015-10-29 20:00:00,59127,117.833,24.433000000000003,1.2199060512343278,1.145450629311199,4.5,2.1555636860760328,4.051104694692054,2.9,2.2,2.1,3.2,4.2,3.9,2.8,3.7,4.1,4.4,3.2,2.5,3.3,2.7,4.3
2015-10-28 08:00:00,2015-10-30 20:00:00,59127,117.833,24.433000000000003,3.8682172134595385,2.8955571224224737,4.4,1.0654292847271252,2.2471199146333882,4.7,2.9,2.2,2.1,3.2,4.2,3.9,2.8,3.7,4.1,4.4,3.2,2.5,3.3,2.7
2015-10-29 08:00:00,2015-10-31 20:00:00,59127,117.833,24.433000000000003,2.725699201014621,3.297812018391596,4.1,4.497955512959881,0.7356378485990496,2.4,4.7,2.9,2.2,2.1,3.2,4.2,3.9,2.8,3.7,4.1,4.4,3.2,2.5,3.3
2015-10-30 08:00:00,2015-11-01 20:00:00,59127,117.833,24.433000000000003,2.5908433883741795,3.755636442526452,5.7,2.9268751491229468,3.8767752270664753,4.5,2.4,4.7,2.9,2.2,2.1,3.2,4.2,3.9,2.8,3.7,4.1,4.4,3.2,2.5
2015-10-31 08:00:00,2015-11-02 20:00:00,59127,117.833,24.433000000000003,3.5153093257912733,4.0034523491489145,2.5,1.794153909743782,2.9405406344510387,4.4,4.5,2.4,4.7,2.9,2.2,2.1,3.2,4.2,3.9,2.8,3.7,4.1,4.4,3.2
2015-11-01 08:00:00,2015-11-03 20:00:00,59127,117.833,24.433000000000003,1.9341209393224592,4.050013185840385,4.0,3.5940341493241017,2.3967006936202218,4.1,4.4,4.5,2.4,4.7,2.9,2.2,2.1,3.2,4.2,3.9,2.8,3.7,4.1,4.4
2015-11-02 08:00:00,2015-11-04 20:00:00,59127,117.833,24.433000000000003,1.5916883703497404,2.607751992378212,2.9,2.7966635933979096,3.8713779243005866,5.7,4.1,4.4,4.5,2.4,4.7,2.9,2.2,2.1,3.2,4.2,3.9,2.8,3.7,4.1
2015-11-03 08:00:00,2015-11-05 20:00:00,59127,117.833,24.433000000000003,1.4419481538934873,2.376053448854691,2.6,1.1310541231064228,2.8603253522193532,2.5,5.7,4.1,4.4,4.5,2.4,4.7,2.9,2.2,2.1,3.2,4.2,3.9,2.8,3.7
2015-11-04 08:00:00,2015-11-06 20:00:00,59127,117.833,24.433000000000003,1.2739270743066529,1.8921043270422613,3.8,1.461541758351521,1.7059045718338428,4.0,2.5,5.7,4.1,4.4,4.5,2.4,4.7,2.9,2.2,2.1,3.2,4.2,3.9,2.8
2015-11-05 08:00:00,2015-11-07 20:00:00,59127,117.833,24.433000000000003,0.9893077279905452,1.301502829410083,2.4,1.3556519145996848,1.3951126237363252,2.9,4.0,2.5,5.7,4.1,4.4,4.5,2.4,4.7,2.9,2.2,2.1,3.2,4.2,3.9
2015-11-07 08:00:00,2015-11-09 20:00:00,59127,117.833,24.433000000000003,3.947115608132009,3.4818172499496995,4.8,1.7424759397850669,1.0464636537771663,3.8,2.6,2.9,4.0,2.5,5.7,4.1,4.4,4.5,2.4,4.7,2.9,2.2,2.1,3.2
2015-11-08 08:00:00,2015-11-10 20:00:00,59127,117.833,24.433000000000003,3.480086189956218,3.862957860865664,4.0,4.191067735810877,2.3414911982262794,2.4,3.8,2.6,2.9,4.0,2.5,5.7,4.1,4.4,4.5,2.4,4.7,2.9,2.2,2.1
2015-11-09 08:00:00,2015-11-11 20:00:00,59127,117.833,24.433000000000003,3.19542033868787,3.4423232254013105,4.7,3.571635171554381,4.766935113557973,2.6,2.4,3.8,2.6,2.9,4.0,2.5,5.7,4.1,4.4,4.5,2.4,4.7,2.9,2.2
2015-11-10 08:00:00,2015-11-12 20:00:00,59127,117.833,24.433000000000003,2.347648357635524,2.365574622257668,2.7,2.8142532126451787,4.07915341614516,4.8,2.6,2.4,3.8,2.6,2.9,4.0,2.5,5.7,4.1,4.4,4.5,2.4,4.7,2.9
2015-11-11 08:00:00,2015-11-13 20:00:00,59127,117.833,24.433000000000003,2.755616488666411,2.770080827572883,2.2,2.563990512557715,3.304838854295214,4.0,4.8,2.6,2.4,3.8,2.6,2.9,4.0,2.5,5.7,4.1,4.4,4.5,2.4,4.7
2015-11-12 08:00:00,2015-11-14 20:00:00,59127,117.833,24.433000000000003,2.3315727510166813,2.6927624050025543,4.3,2.7628762239415297,1.2606146609771842,4.7,4.0,4.8,2.6,2.4,3.8,2.6,2.9,4.0,2.5,5.7,4.1,4.4,4.5,2.4
2015-11-13 08:00:00,2015-11-15 20:00:00,59127,117.833,24.433000000000003,1.7232787452399707,1.9117451254463729,4.1,3.0723728772728167,2.496339812641109,2.7,4.7,4.0,4.8,2.6,2.4,3.8,2.6,2.9,4.0,2.5,5.7,4.1,4.4,4.5
2015-11-14 08:00:00,2015-11-16 20:00:00,59127,117.833,24.433000000000003,1.0127640536115865,1.0703163708501506,2.3,1.52259368787003,3.3207456123228765,2.2,2.7,4.7,4.0,4.8,2.6,2.4,3.8,2.6,2.9,4.0,2.5,5.7,4.1,4.4
2015-11-15 08:00:00,2015-11-17 20:00:00,59127,117.833,24.433000000000003,0.833152474525261,1.1947544379368082,2.3,1.3007079883071704,1.543277767115333,4.3,2.2,2.7,4.7,4.0,4.8,2.6,2.4,3.8,2.6,2.9,4.0,2.5,5.7,4.1
2015-11-16 08:00:00,2015-11-18 20:00:00,59127,117.833,24.433000000000003,3.385874431176724,1.545409898650405,5.7,0.5339357827863972,0.8942398918964194,4.1,4.3,2.2,2.7,4.7,4.0,4.8,2.6,2.4,3.8,2.6,2.9,4.0,2.5,5.7
2015-11-17 08:00:00,2015-11-19 20:00:00,59127,117.833,24.433000000000003,1.7084798573390318,1.8582702779899591,2.7,4.1245202896505235,1.5673586909478283,2.3,4.1,4.3,2.2,2.7,4.7,4.0,4.8,2.6,2.4,3.8,2.6,2.9,4.0,2.5
2015-11-18 08:00:00,2015-11-20 20:00:00,59127,117.833,24.433000000000003,1.9040352338363324,3.2511427558192736,2.3,2.4457462790356583,3.964477071967049,2.3,2.3,4.1,4.3,2.2,2.7,4.7,4.0,4.8,2.6,2.4,3.8,2.6,2.9,4.0
2015-11-19 08:00:00,2015-11-21 20:00:00,59127,117.833,24.433000000000003,1.1530522474134284,3.239544145978698,2.8,2.506543015456391,2.6056138196165515,5.7,2.3,2.3,4.1,4.3,2.2,2.7,4.7,4.0,4.8,2.6,2.4,3.8,2.6,2.9
2015-11-20 08:00:00,2015-11-22 20:00:00,59127,117.833,24.433000000000003,1.9564591798400373,3.4505943753860038,4.4,1.5027642657816926,3.242626719101996,2.7,5.7,2.3,2.3,4.1,4.3,2.2,2.7,4.7,4.0,4.8,2.6,2.4,3.8,2.6
2015-11-21 08:00:00,2015-11-23 20:00:00,59127,117.833,24.433000000000003,3.568361553379418,2.9311709417596603,3.3,1.832352945930796,1.6654277204443018,2.3,2.7,5.7,2.3,2.3,4.1,4.3,2.2,2.7,4.7,4.0,4.8,2.6,2.4,3.8
2015-11-22 08:00:00,2015-11-24 20:00:00,59127,117.833,24.433000000000003,1.9449211869633487,2.2884015552497203,4.5,3.862095807629666,1.8566663634108416,2.8,2.3,2.7,5.7,2.3,2.3,4.1,4.3,2.2,2.7,4.7,4.0,4.8,2.6,2.4
2015-11-23 08:00:00,2015-11-25 20:00:00,59127,117.833,24.433000000000003,2.658458854702729,5.072419717084017,6.4,2.442081761570768,4.437735828650144,4.4,2.8,2.3,2.7,5.7,2.3,2.3,4.1,4.3,2.2,2.7,4.7,4.0,4.8,2.6
2015-11-24 08:00:00,2015-11-26 20:00:00,59127,117.833,24.433000000000003,4.1034735907225315,4.085662431337596,3.6,2.892644171028949,2.1381889022879625,3.3,4.4,2.8,2.3,2.7,5.7,2.3,2.3,4.1,4.3,2.2,2.7,4.7,4.0,4.8
2015-11-25 08:00:00,2015-11-27 20:00:00,59127,117.833,24.433000000000003,2.4024443146626866,3.5647365029292364,6.2,4.114271914229081,2.631859784061238,4.5,3.3,4.4,2.8,2.3,2.7,5.7,2.3,2.3,4.1,4.3,2.2,2.7,4.7,4.0
2015-11-26 08:00:00,2015-11-28 20:00:00,59127,117.833,24.433000000000003,2.311012283293734,2.2957393924450566,4.0,2.4294737456662654,4.433812612057569,6.4,4.5,3.3,4.4,2.8,2.3,2.7,5.7,2.3,2.3,4.1,4.3,2.2,2.7,4.7
2015-11-27 08:00:00,2015-11-29 20:00:00,59127,117.833,24.433000000000003,2.025528933771313,2.3996232519890555,2.2,1.6362513085201047,2.7998365026309884,3.6,6.4,4.5,3.3,4.4,2.8,2.3,2.7,5.7,2.3,2.3,4.1,4.3,2.2,2.7
2015-11-28 08:00:00,2015-11-30 20:00:00,59127,117.833,24.433000000000003,2.0603406761239196,2.5650496133890783,2.8,1.947179441667368,1.9506024061000333,6.2,3.6,6.4,4.5,3.3,4.4,2.8,2.3,2.7,5.7,2.3,2.3,4.1,4.3,2.2
2016-09-29 08:00:00,2016-10-01 20:00:00,59127,117.833,24.433000000000003,1.7969097660713864,2.9470639609974114,3.0,1.2702208060241182,2.243748821648375,9.5,15.1,5.8,3.2,3.1,2.7,3.9,4.1,3.8,2.6,2.6,2.8,3.6,4.4,16.2
2016-09-30 08:00:00,2016-10-02 20:00:00,59127,117.833,24.433000000000003,1.3956982688507789,2.4638320437891252,2.9,1.3845569895826255,0.8724627267924505,5.0,9.5,15.1,5.8,3.2,3.1,2.7,3.9,4.1,3.8,2.6,2.6,2.8,3.6,4.4
2016-10-01 08:00:00,2016-10-03 20:00:00,59127,117.833,24.433000000000003,1.1971632460243202,2.7898676397370537,2.5,1.3141839150143622,1.396937954669742,3.8,5.0,9.5,15.1,5.8,3.2,3.1,2.7,3.9,4.1,3.8,2.6,2.6,2.8,3.6
2016-10-02 08:00:00,2016-10-04 20:00:00,59127,117.833,24.433000000000003,1.1283951263885543,2.792694572729033,1.9,1.5486577338350611,1.4677942300273386,3.0,3.8,5.0,9.5,15.1,5.8,3.2,3.1,2.7,3.9,4.1,3.8,2.6,2.6,2.8
2016-10-03 08:00:00,2016-10-05 20:00:00,59127,117.833,24.433000000000003,2.7007177613076507,5.181223654061455,2.6,1.4655737581112769,1.7597665545517955,2.9,3.0,3.8,5.0,9.5,15.1,5.8,3.2,3.1,2.7,3.9,4.1,3.8,2.6,2.6
2016-10-04 08:00:00,2016-10-06 20:00:00,59127,117.833,24.433000000000003,3.626099000539279,3.7000443649894814,4.2,2.6003325693420822,1.1247986182323946,2.5,2.9,3.0,3.8,5.0,9.5,15.1,5.8,3.2,3.1,2.7,3.9,4.1,3.8,2.6
2016-10-05 08:00:00,2016-10-07 20:00:00,59127,117.833,24.433000000000003,1.2715215355059242,3.1016118192337667,3.0,1.910303474537019,2.645337208012556,1.9,2.5,2.9,3.0,3.8,5.0,9.5,15.1,5.8,3.2,3.1,2.7,3.9,4.1,3.8
2016-10-06 08:00:00,2016-10-08 20:00:00,59127,117.833,24.433000000000003,4.7089106363828455,4.978907036891768,8.7,2.0039468223941084,2.3746686388514275,2.6,1.9,2.5,2.9,3.0,3.8,5.0,9.5,15.1,5.8,3.2,3.1,2.7,3.9,4.1
2016-10-07 08:00:00,2016-10-09 20:00:00,59127,117.833,24.433000000000003,4.219434593223409,5.441232312574584,4.3,4.805354544253254,2.6693528674270106,4.2,2.6,1.9,2.5,2.9,3.0,3.8,5.0,9.5,15.1,5.8,3.2,3.1,2.7,3.9
2016-10-08 08:00:00,2016-10-10 20:00:00,59127,117.833,24.433000000000003,2.3121336810966517,4.036718535822388,3.5,3.0393302084829323,6.749162529264152,3.0,4.2,2.6,1.9,2.5,2.9,3.0,3.8,5.0,9.5,15.1,5.8,3.2,3.1,2.7
2016-10-09 08:00:00,2016-10-11 20:00:00,59127,117.833,24.433000000000003,3.1064208873297807,4.457239179506132,2.4,1.8079007523113384,3.512474499520152,8.7,3.0,4.2,2.6,1.9,2.5,2.9,3.0,3.8,5.0,9.5,15.1,5.8,3.2,3.1
2016-10-10 08:00:00,2016-10-12 20:00:00,59127,117.833,24.433000000000003,3.070209768323496,4.088419649088452,2.0,4.169707428195713,2.1252463896716685,4.3,8.7,3.0,4.2,2.6,1.9,2.5,2.9,3.0,3.8,5.0,9.5,15.1,5.8,3.2
2016-10-11 08:00:00,2016-10-13 20:00:00,59127,117.833,24.433000000000003,2.703668290959693,3.8930018597275193,2.0,3.0174580766569963,3.53822747213134,3.5,4.3,8.7,3.0,4.2,2.6,1.9,2.5,2.9,3.0,3.8,5.0,9.5,15.1,5.8
2016-10-12 08:00:00,2016-10-14 20:00:00,59127,117.833,24.433000000000003,2.244634014244333,4.2217335214292016,4.3,2.6922190302080202,2.5222407374329947,2.4,3.5,4.3,8.7,3.0,4.2,2.6,1.9,2.5,2.9,3.0,3.8,5.0,9.5,15.1
2016-10-13 08:00:00,2016-10-15 20:00:00,59127,117.833,24.433000000000003,2.279840657364401,5.045769841000151,2.8,2.1461570387724227,2.3134268162688945,2.0,2.4,3.5,4.3,8.7,3.0,4.2,2.6,1.9,2.5,2.9,3.0,3.8,5.0,9.5
2016-10-14 08:00:00,2016-10-16 20:00:00,59127,117.833,24.433000000000003,2.267939616272626,3.7971830697606492,2.0,2.059449976655936,2.590182837201974,2.0,2.0,2.4,3.5,4.3,8.7,3.0,4.2,2.6,1.9,2.5,2.9,3.0,3.8,5.0
2016-10-15 08:00:00,2016-10-17 20:00:00,59127,117.833,24.433000000000003,3.231890109683948,4.133414115200708,3.5,2.8776767712327613,2.1214703292479045,4.3,2.0,2.0,2.4,3.5,4.3,8.7,3.0,4.2,2.6,1.9,2.5,2.9,3.0,3.8
2016-10-16 08:00:00,2016-10-18 20:00:00,59127,117.833,24.433000000000003,3.677638235207096,4.051139739583391,2.9,3.950054656872484,3.091628935992388,2.8,4.3,2.0,2.0,2.4,3.5,4.3,8.7,3.0,4.2,2.6,1.9,2.5,2.9,3.0
2016-10-17 08:00:00,2016-10-19 20:00:00,59127,117.833,24.433000000000003,2.5451158373724154,5.0156667496802365,3.2,2.763124315164124,3.843596996383423,2.0,2.8,4.3,2.0,2.0,2.4,3.5,4.3,8.7,3.0,4.2,2.6,1.9,2.5,2.9
2016-10-18 08:00:00,2016-10-20 20:00:00,59127,117.833,24.433000000000003,3.3579381415368634,3.260960890557044,5.9,2.552806766016805,3.713509901249734,3.5,2.0,2.8,4.3,2.0,2.0,2.4,3.5,4.3,8.7,3.0,4.2,2.6,1.9,2.5
2016-10-19 08:00:00,2016-10-21 20:00:00,59127,117.833,24.433000000000003,4.500095310353049,1.4647274612195815,5.3,3.5656729647927423,3.4053857420778018,2.9,3.5,2.0,2.8,4.3,2.0,2.0,2.4,3.5,4.3,8.7,3.0,4.2,2.6,1.9
2016-10-21 08:00:00,2016-10-23 20:00:00,59127,117.833,24.433000000000003,3.8342956499847416,2.8328195349184853,4.3,2.064567593481412,5.965634362472971,5.9,3.2,2.9,3.5,2.0,2.8,4.3,2.0,2.0,2.4,3.5,4.3,8.7,3.0,4.2
2016-10-22 08:00:00,2016-10-24 20:00:00,59127,117.833,24.433000000000003,1.1346815693748702,1.6199091485713095,6.2,4.334083254029891,2.159031993219792,5.3,5.9,3.2,2.9,3.5,2.0,2.8,4.3,2.0,2.0,2.4,3.5,4.3,8.7,3.0
2016-10-23 08:00:00,2016-10-25 20:00:00,59127,117.833,24.433000000000003,1.1575455976211508,1.9592632400322143,1.7,1.2153169781551685,3.485446463297272,5.5,5.3,5.9,3.2,2.9,3.5,2.0,2.8,4.3,2.0,2.0,2.4,3.5,4.3,8.7
2016-10-24 08:00:00,2016-10-26 20:00:00,59127,117.833,24.433000000000003,1.044856475704065,1.932232608533468,1.7,0.9356326641727348,1.1732507977372049,4.3,5.5,5.3,5.9,3.2,2.9,3.5,2.0,2.8,4.3,2.0,2.0,2.4,3.5,4.3
2016-10-25 08:00:00,2016-10-27 20:00:00,59127,117.833,24.433000000000003,1.8427232307627053,2.037708568754283,2.0,1.268031196232604,1.125938268041604,6.2,4.3,5.5,5.3,5.9,3.2,2.9,3.5,2.0,2.8,4.3,2.0,2.0,2.4,3.5
2016-10-26 08:00:00,2016-10-28 20:00:00,59127,117.833,24.433000000000003,4.227421025159849,3.5881141862087134,5.9,0.96582457937569,0.8596091231827858,1.7,6.2,4.3,5.5,5.3,5.9,3.2,2.9,3.5,2.0,2.8,4.3,2.0,2.0,2.4
2016-10-27 08:00:00,2016-10-29 20:00:00,59127,117.833,24.433000000000003,3.81959816531312,4.427533858462766,5.6,4.812058876657462,1.6082700273429171,1.7,1.7,6.2,4.3,5.5,5.3,5.9,3.2,2.9,3.5,2.0,2.8,4.3,2.0,2.0
2016-10-28 08:00:00,2016-10-30 20:00:00,59127,117.833,24.433000000000003,2.7507649658750664,3.6773962837099816,5.2,4.279615332044133,4.67234227426789,2.0,1.7,1.7,6.2,4.3,5.5,5.3,5.9,3.2,2.9,3.5,2.0,2.8,4.3,2.0
2016-10-29 08:00:00,2016-10-31 20:00:00,59127,117.833,24.433000000000003,3.746738224829498,4.529599196410231,4.7,3.047421277745412,4.276303428013221,5.9,2.0,1.7,1.7,6.2,4.3,5.5,5.3,5.9,3.2,2.9,3.5,2.0,2.8,4.3
2016-10-30 08:00:00,2016-11-01 20:00:00,59127,117.833,24.433000000000003,4.072298684629386,4.841967966648895,5.2,4.052889953793852,3.017249992856537,5.6,5.9,2.0,1.7,1.7,6.2,4.3,5.5,5.3,5.9,3.2,2.9,3.5,2.0,2.8
2016-10-31 08:00:00,2016-11-02 20:00:00,59127,117.833,24.433000000000003,3.6493378201252655,4.835896068860961,3.1,4.5027861200876735,4.519595515292507,5.2,5.6,5.9,2.0,1.7,1.7,6.2,4.3,5.5,5.3,5.9,3.2,2.9,3.5,2.0
2016-11-01 08:00:00,2016-11-03 20:00:00,59127,117.833,24.433000000000003,2.569610088709141,3.1535072783842684,3.8,3.496500973285192,4.644402630983262,4.7,5.2,5.6,5.9,2.0,1.7,1.7,6.2,4.3,5.5,5.3,5.9,3.2,2.9,3.5
2016-11-02 08:00:00,2016-11-04 20:00:00,59127,117.833,24.433000000000003,1.9506527545711432,2.1106494014662758,2.1,2.4443191701918385,3.9995502795500055,5.2,4.7,5.2,5.6,5.9,2.0,1.7,1.7,6.2,4.3,5.5,5.3,5.9,3.2,2.9
2016-11-03 08:00:00,2016-11-05 20:00:00,59127,117.833,24.433000000000003,1.4482306839618404,1.702985855602833,4.3,1.674574392542874,2.586601658184547,3.1,5.2,4.7,5.2,5.6,5.9,2.0,1.7,1.7,6.2,4.3,5.5,5.3,5.9,3.2
2016-11-04 08:00:00,2016-11-06 20:00:00,59127,117.833,24.433000000000003,2.2381492356224366,3.1967249733293097,3.0,1.6362048178007833,2.008314829780004,3.8,3.1,5.2,4.7,5.2,5.6,5.9,2.0,1.7,1.7,6.2,4.3,5.5,5.3,5.9
2016-11-05 08:00:00,2016-11-07 20:00:00,59127,117.833,24.433000000000003,1.4787735787681673,1.7628668182335332,2.4,1.7512474195772805,1.5259251314744011,2.1,3.8,3.1,5.2,4.7,5.2,5.6,5.9,2.0,1.7,1.7,6.2,4.3,5.5,5.3
2016-11-06 08:00:00,2016-11-08 20:00:00,59127,117.833,24.433000000000003,5.3840799137932525,4.314099224504274,5.1,1.1644215775700693,1.564644121217382,4.3,2.1,3.8,3.1,5.2,4.7,5.2,5.6,5.9,2.0,1.7,1.7,6.2,4.3,5.5
2016-11-07 08:00:00,2016-11-09 20:00:00,59127,117.833,24.433000000000003,2.1863976885681446,3.481784725862326,4.9,4.819295608571485,1.2531166584683702,3.0,4.3,2.1,3.8,3.1,5.2,4.7,5.2,5.6,5.9,2.0,1.7,1.7,6.2,4.3
2016-11-08 08:00:00,2016-11-10 20:00:00,59127,117.833,24.433000000000003,1.7205299276978536,3.085186961417321,5.1,1.7156757978944737,4.4005529468804125,2.4,3.0,4.3,2.1,3.8,3.1,5.2,4.7,5.2,5.6,5.9,2.0,1.7,1.7,6.2
2016-11-09 08:00:00,2016-11-11 20:00:00,59127,117.833,24.433000000000003,1.886910630441513,3.0604575400628846,6.3,1.6884898488519662,2.00573914189659,5.1,2.4,3.0,4.3,2.1,3.8,3.1,5.2,4.7,5.2,5.6,5.9,2.0,1.7,1.7
2016-11-10 08:00:00,2016-11-12 20:00:00,59127,117.833,24.433000000000003,1.7330354694393832,1.8552000674908409,1.9,1.7127045526485258,2.002674556712828,4.9,5.1,2.4,3.0,4.3,2.1,3.8,3.1,5.2,4.7,5.2,5.6,5.9,2.0,1.7
2016-11-11 08:00:00,2016-11-13 20:00:00,59127,117.833,24.433000000000003,0.6042565619926112,1.02616021057122,1.6,1.901127173295412,1.8790191136561083,5.1,4.9,5.1,2.4,3.0,4.3,2.1,3.8,3.1,5.2,4.7,5.2,5.6,5.9,2.0
2016-11-12 08:00:00,2016-11-14 20:00:00,59127,117.833,24.433000000000003,1.4857453687224966,2.1399642455830867,2.4,1.3092708648001483,1.2361872433172136,6.3,5.1,4.9,5.1,2.4,3.0,4.3,2.1,3.8,3.1,5.2,4.7,5.2,5.6,5.9
2016-11-13 08:00:00,2016-11-15 20:00:00,59127,117.833,24.433000000000003,3.740312233620209,3.3323204462864173,4.1,3.4419001543424748,1.3206254476990746,1.9,6.3,5.1,4.9,5.1,2.4,3.0,4.3,2.1,3.8,3.1,5.2,4.7,5.2,5.6
2016-11-14 08:00:00,2016-11-16 20:00:00,59127,117.833,24.433000000000003,2.1287095925471347,2.3703084078723577,4.4,3.6562261024564138,3.2412529284509826,1.6,1.9,6.3,5.1,4.9,5.1,2.4,3.0,4.3,2.1,3.8,3.1,5.2,4.7,5.2
2016-11-15 08:00:00,2016-11-17 20:00:00,59127,117.833,24.433000000000003,1.741133040381066,2.9562082915683727,1.9,1.4064812160362503,4.1983762650111816,2.4,1.6,1.9,6.3,5.1,4.9,5.1,2.4,3.0,4.3,2.1,3.8,3.1,5.2,4.7
2016-11-17 08:00:00,2016-11-19 20:00:00,59127,117.833,24.433000000000003,1.5492814221823952,2.8517302867520584,1.4,1.2857211680234109,1.2271263350464037,4.4,4.1,2.4,1.6,1.9,6.3,5.1,4.9,5.1,2.4,3.0,4.3,2.1,3.8,3.1
2016-11-19 08:00:00,2016-11-21 20:00:00,59127,117.833,24.433000000000003,2.953280267104973,3.1656511582633584,3.9,1.4601884610247515,1.4847215729762642,1.8,1.9,4.4,4.1,2.4,1.6,1.9,6.3,5.1,4.9,5.1,2.4,3.0,4.3,2.1
2016-11-20 08:00:00,2016-11-22 20:00:00,59127,117.833,24.433000000000003,3.991586847236393,4.3531445379438765,5.0,1.412241824358523,2.4391148269228284,1.4,1.8,1.9,4.4,4.1,2.4,1.6,1.9,6.3,5.1,4.9,5.1,2.4,3.0,4.3
2016-11-21 08:00:00,2016-11-23 20:00:00,59127,117.833,24.433000000000003,2.6238358067571776,4.884716689315155,4.9,4.664747399161664,1.6437892422614873,2.5,1.4,1.8,1.9,4.4,4.1,2.4,1.6,1.9,6.3,5.1,4.9,5.1,2.4,3.0
2016-11-22 08:00:00,2016-11-24 20:00:00,59127,117.833,24.433000000000003,3.382733077036101,4.762485993547899,3.1,3.0805575813035566,4.6411154011986335,3.9,2.5,1.4,1.8,1.9,4.4,4.1,2.4,1.6,1.9,6.3,5.1,4.9,5.1,2.4
2016-11-23 08:00:00,2016-11-25 20:00:00,59127,117.833,24.433000000000003,2.6258077266120248,4.149757695421158,4.8,3.0255528140575865,2.6083342208737097,5.0,3.9,2.5,1.4,1.8,1.9,4.4,4.1,2.4,1.6,1.9,6.3,5.1,4.9,5.1
2016-11-24 08:00:00,2016-11-26 20:00:00,59127,117.833,24.433000000000003,2.4011099905422766,5.159279429477807,4.9,2.8664182748854303,3.8343267358865027,4.9,5.0,3.9,2.5,1.4,1.8,1.9,4.4,4.1,2.4,1.6,1.9,6.3,5.1,4.9
2016-11-25 08:00:00,2016-11-27 20:00:00,59127,117.833,24.433000000000003,3.4818767933468746,6.633496204349626,5.2,2.576964313331639,3.1851760581528543,3.1,4.9,5.0,3.9,2.5,1.4,1.8,1.9,4.4,4.1,2.4,1.6,1.9,6.3,5.1
2016-11-26 08:00:00,2016-11-28 20:00:00,59127,117.833,24.433000000000003,3.3995585548874434,5.349211761832066,3.8,3.536386481073833,3.0851368182733045,4.8,3.1,4.9,5.0,3.9,2.5,1.4,1.8,1.9,4.4,4.1,2.4,1.6,1.9,6.3
2016-11-27 08:00:00,2016-11-29 20:00:00,59127,117.833,24.433000000000003,2.471209089419934,3.958523189861694,6.4,3.307499794214809,3.1925968476587374,4.9,4.8,3.1,4.9,5.0,3.9,2.5,1.4,1.8,1.9,4.4,4.1,2.4,1.6,1.9
2016-11-28 08:00:00,2016-11-30 20:00:00,59127,117.833,24.433000000000003,1.8435567106920223,4.463063079307858,4.6,2.4530772837698778,3.9982016109651486,5.2,4.9,4.8,3.1,4.9,5.0,3.9,2.5,1.4,1.8,1.9,4.4,4.1,2.4,1.6
2017-09-29 08:00:00,2017-10-01 20:00:00,59127,117.833,24.433000000000003,1.414918959717404,2.240916923194959,3.1,1.5887482107988504,2.5250738432121,2.1,2.7,3.0,2.4,2.9,2.3,2.7,2.5,1.9,2.5,2.1,2.2,4.0,5.3,4.7
2017-09-30 08:00:00,2017-10-02 20:00:00,59127,117.833,24.433000000000003,1.6989841598958668,2.4955657049576985,2.3,1.0772715500575991,1.8202504975317808,3.3,2.1,2.7,3.0,2.4,2.9,2.3,2.7,2.5,1.9,2.5,2.1,2.2,4.0,5.3
2017-10-01 08:00:00,2017-10-03 20:00:00,59127,117.833,24.433000000000003,4.421979660470064,4.234921473961435,4.8,1.836594510060978,1.5600493143423677,2.8,3.3,2.1,2.7,3.0,2.4,2.9,2.3,2.7,2.5,1.9,2.5,2.1,2.2,4.0
2017-10-02 08:00:00,2017-10-04 20:00:00,59127,117.833,24.433000000000003,3.715615806297061,3.933839712995791,4.9,4.046204045809462,1.1122964600696776,3.1,2.8,3.3,2.1,2.7,3.0,2.4,2.9,2.3,2.7,2.5,1.9,2.5,2.1,2.2
2017-10-03 08:00:00,2017-10-05 20:00:00,59127,117.833,24.433000000000003,2.2264040911486007,3.973387063190785,4.2,3.9987253731182,3.640680382558968,2.3,3.1,2.8,3.3,2.1,2.7,3.0,2.4,2.9,2.3,2.7,2.5,1.9,2.5,2.1
2017-10-04 08:00:00,2017-10-06 20:00:00,59127,117.833,24.433000000000003,3.4484390328380736,4.86992587391876,2.9,3.0711322979741698,4.607459449641572,4.8,2.3,3.1,2.8,3.3,2.1,2.7,3.0,2.4,2.9,2.3,2.7,2.5,1.9,2.5
2017-10-05 08:00:00,2017-10-07 20:00:00,59127,117.833,24.433000000000003,4.5541887563975445,5.849119283125333,3.5,2.7399587434392148,2.688383472745353,4.9,4.8,2.3,3.1,2.8,3.3,2.1,2.7,3.0,2.4,2.9,2.3,2.7,2.5,1.9
2017-10-06 08:00:00,2017-10-08 20:00:00,59127,117.833,24.433000000000003,4.558089784837337,5.612363110842466,3.4,3.659993856110765,2.3030772661850443,4.2,4.9,4.8,2.3,3.1,2.8,3.3,2.1,2.7,3.0,2.4,2.9,2.3,2.7,2.5
2017-10-07 08:00:00,2017-10-09 20:00:00,59127,117.833,24.433000000000003,3.3916716193221967,4.691152026053941,5.1,4.138378158381142,3.4366575833300144,2.9,4.2,4.9,4.8,2.3,3.1,2.8,3.3,2.1,2.7,3.0,2.4,2.9,2.3,2.7
2017-10-08 08:00:00,2017-10-10 20:00:00,59127,117.833,24.433000000000003,3.1434105791682168,5.696291169623009,3.5,2.6282089784700204,3.631630406345293,3.5,2.9,4.2,4.9,4.8,2.3,3.1,2.8,3.3,2.1,2.7,3.0,2.4,2.9,2.3
2017-10-09 08:00:00,2017-10-11 20:00:00,59127,117.833,24.433000000000003,4.00152522293038,5.469589856568519,4.4,3.1534476302024355,2.7112846395381323,3.4,3.5,2.9,4.2,4.9,4.8,2.3,3.1,2.8,3.3,2.1,2.7,3.0,2.4,2.9
2017-10-10 08:00:00,2017-10-12 20:00:00,59127,117.833,24.433000000000003,4.6880017862695516,6.271296275060308,4.4,3.7615327066272224,3.305446497939697,5.1,3.4,3.5,2.9,4.2,4.9,4.8,2.3,3.1,2.8,3.3,2.1,2.7,3.0,2.4
2017-10-11 08:00:00,2017-10-13 20:00:00,59127,117.833,24.433000000000003,5.1440332015971375,5.97641378816968,5.6,4.9188149647849775,4.038419508088478,3.5,5.1,3.4,3.5,2.9,4.2,4.9,4.8,2.3,3.1,2.8,3.3,2.1,2.7,3.0
2017-10-12 08:00:00,2017-10-14 20:00:00,59127,117.833,24.433000000000003,2.4044007205348468,4.860646033546118,4.9,4.458150592966852,4.98090044363438,4.4,3.5,5.1,3.4,3.5,2.9,4.2,4.9,4.8,2.3,3.1,2.8,3.3,2.1,2.7
2017-10-13 08:00:00,2017-10-15 20:00:00,59127,117.833,24.433000000000003,1.2019901233193515,3.7667221200332506,3.0,2.6309724847567555,4.211343749313364,4.4,4.4,3.5,5.1,3.4,3.5,2.9,4.2,4.9,4.8,2.3,3.1,2.8,3.3,2.1
2017-10-14 08:00:00,2017-10-16 20:00:00,59127,117.833,24.433000000000003,2.5179983916873168,3.9100327164156847,1.8,2.2492642118182578,2.537537785878544,5.6,4.4,4.4,3.5,5.1,3.4,3.5,2.9,4.2,4.9,4.8,2.3,3.1,2.8,3.3
2017-10-15 08:00:00,2017-10-17 20:00:00,59127,117.833,24.433000000000003,3.9814512052867226,3.4178958652862548,3.7,1.5279479567497347,3.260773459751045,4.9,5.6,4.4,4.4,3.5,5.1,3.4,3.5,2.9,4.2,4.9,4.8,2.3,3.1,2.8
2017-10-16 08:00:00,2017-10-18 20:00:00,59127,117.833,24.433000000000003,4.206031981481596,3.5433963571149434,2.9,4.2552534771395525,2.4006364955478827,3.0,4.9,5.6,4.4,4.4,3.5,5.1,3.4,3.5,2.9,4.2,4.9,4.8,2.3,3.1
2017-10-17 08:00:00,2017-10-19 20:00:00,59127,117.833,24.433000000000003,4.162756143136063,3.652929629007872,4.8,3.2069480711011265,4.160591460261676,1.8,3.0,4.9,5.6,4.4,4.4,3.5,5.1,3.4,3.5,2.9,4.2,4.9,4.8,2.3
2017-10-18 08:00:00,2017-10-20 20:00:00,59127,117.833,24.433000000000003,3.3229205355732887,3.4533733845396455,3.3,3.692445741036188,3.995489553428724,3.7,1.8,3.0,4.9,5.6,4.4,4.4,3.5,5.1,3.4,3.5,2.9,4.2,4.9,4.8
2017-10-19 08:00:00,2017-10-21 20:00:00,59127,117.833,24.433000000000003,2.9671552284023277,2.9487469903104966,3.3,4.442571391607721,3.8625933614558208,2.9,3.7,1.8,3.0,4.9,5.6,4.4,4.4,3.5,5.1,3.4,3.5,2.9,4.2,4.9
2017-10-20 08:00:00,2017-10-22 20:00:00,59127,117.833,24.433000000000003,2.159765096069964,3.437498949264977,3.2,3.1373382009193445,4.559739666666911,4.8,2.9,3.7,1.8,3.0,4.9,5.6,4.4,4.4,3.5,5.1,3.4,3.5,2.9,4.2
2017-10-21 08:00:00,2017-10-23 20:00:00,59127,117.833,24.433000000000003,2.9435638339310546,3.671380475925049,3.1,1.5980312601866358,2.4066183676265296,3.3,4.8,2.9,3.7,1.8,3.0,4.9,5.6,4.4,4.4,3.5,5.1,3.4,3.5,2.9
2017-10-22 08:00:00,2017-10-24 20:00:00,59127,117.833,24.433000000000003,3.3810331766965245,4.0451261996596495,3.1,2.496984676609289,1.3989205086670766,3.3,3.3,4.8,2.9,3.7,1.8,3.0,4.9,5.6,4.4,4.4,3.5,5.1,3.4,3.5
2017-10-23 08:00:00,2017-10-25 20:00:00,59127,117.833,24.433000000000003,2.8422111598391586,3.4412597169935,5.1,3.2737876193678987,2.8584989195971584,3.2,3.3,3.3,4.8,2.9,3.7,1.8,3.0,4.9,5.6,4.4,4.4,3.5,5.1,3.4
2017-10-24 08:00:00,2017-10-26 20:00:00,59127,117.833,24.433000000000003,2.4759388134697686,2.628093015474178,2.8,3.239814537836572,4.013325242712101,3.1,3.2,3.3,3.3,4.8,2.9,3.7,1.8,3.0,4.9,5.6,4.4,4.4,3.5,5.1
2017-10-25 08:00:00,2017-10-27 20:00:00,59127,117.833,24.433000000000003,2.4172845137587515,2.3290518025983147,2.5,2.5778801663486406,2.6029624688410182,3.1,3.1,3.2,3.3,3.3,4.8,2.9,3.7,1.8,3.0,4.9,5.6,4.4,4.4,3.5
2017-10-26 08:00:00,2017-10-28 20:00:00,59127,117.833,24.433000000000003,1.5975100736262955,3.555250988223293,2.6,2.6728954618052607,2.7749905614416366,5.1,3.1,3.1,3.2,3.3,3.3,4.8,2.9,3.7,1.8,3.0,4.9,5.6,4.4,4.4
2017-10-27 08:00:00,2017-10-29 20:00:00,59127,117.833,24.433000000000003,4.751952840809606,4.954798529621827,4.2,2.6556785122548727,2.6062438516435877,2.8,5.1,3.1,3.1,3.2,3.3,3.3,4.8,2.9,3.7,1.8,3.0,4.9,5.6,4.4
2017-10-28 08:00:00,2017-10-30 20:00:00,59127,117.833,24.433000000000003,4.667829229140066,4.235282663742396,6.5,4.7369182262085285,1.6363795624329247,2.5,2.8,5.1,3.1,3.1,3.2,3.3,3.3,4.8,2.9,3.7,1.8,3.0,4.9,5.6
2017-10-30 08:00:00,2017-11-01 20:00:00,59127,117.833,24.433000000000003,2.236269658559089,2.608960598097952,4.4,2.4046116707628338,4.979000861251096,4.2,2.6,2.5,2.8,5.1,3.1,3.1,3.2,3.3,3.3,4.8,2.9,3.7,1.8,3.0
2017-10-31 08:00:00,2017-11-02 20:00:00,59127,117.833,24.433000000000003,2.2121853690379187,2.7969138678032546,3.3,1.9984324447586288,2.596102122025815,6.5,4.2,2.6,2.5,2.8,5.1,3.1,3.1,3.2,3.3,3.3,4.8,2.9,3.7,1.8
2017-11-01 08:00:00,2017-11-03 20:00:00,59127,117.833,24.433000000000003,3.6408356007034857,4.881007667072139,5.6,2.1394838719756257,2.2785954921762674,6.1,6.5,4.2,2.6,2.5,2.8,5.1,3.1,3.1,3.2,3.3,3.3,4.8,2.9,3.7
2017-11-02 08:00:00,2017-11-04 20:00:00,59127,117.833,24.433000000000003,4.46177784009058,5.476436980347557,4.9,5.097442502161417,1.967744173794589,4.4,6.1,6.5,4.2,2.6,2.5,2.8,5.1,3.1,3.1,3.2,3.3,3.3,4.8,2.9
2017-11-03 08:00:00,2017-11-05 20:00:00,59127,117.833,24.433000000000003,3.2809957996225565,3.7012929516708937,5.5,4.987648049538394,4.545530306331515,3.3,4.4,6.1,6.5,4.2,2.6,2.5,2.8,5.1,3.1,3.1,3.2,3.3,3.3,4.8
2017-11-04 08:00:00,2017-11-06 20:00:00,59127,117.833,24.433000000000003,2.662083266338082,2.97395280272076,3.3,2.7479389067145754,4.8607973411392775,5.6,3.3,4.4,6.1,6.5,4.2,2.6,2.5,2.8,5.1,3.1,3.1,3.2,3.3,3.3
2017-11-05 08:00:00,2017-11-07 20:00:00,59127,117.833,24.433000000000003,1.487226955207947,3.6106749912887617,1.8,1.8586700494069484,3.1897813593944764,4.9,5.6,3.3,4.4,6.1,6.5,4.2,2.6,2.5,2.8,5.1,3.1,3.1,3.2,3.3
2017-11-06 08:00:00,2017-11-08 20:00:00,59127,117.833,24.433000000000003,4.39377376897022,3.891259626519627,2.8,1.3443134014724925,2.014154759316058,5.5,4.9,5.6,3.3,4.4,6.1,6.5,4.2,2.6,2.5,2.8,5.1,3.1,3.1,3.2
2017-11-07 08:00:00,2017-11-09 20:00:00,59127,117.833,24.433000000000003,2.5682679138284703,2.4995532275702317,3.8,3.770129584216946,1.074197884702664,3.3,5.5,4.9,5.6,3.3,4.4,6.1,6.5,4.2,2.6,2.5,2.8,5.1,3.1,3.1
2017-11-08 08:00:00,2017-11-10 20:00:00,59127,117.833,24.433000000000003,3.950235204635174,2.859513367142881,2.2,2.4983744676027224,3.9627093704869987,1.8,3.3,5.5,4.9,5.6,3.3,4.4,6.1,6.5,4.2,2.6,2.5,2.8,5.1,3.1
2017-11-09 08:00:00,2017-11-11 20:00:00,59127,117.833,24.433000000000003,3.4697461592698886,3.3536050469598417,2.8,4.406242085647151,2.777503260311212,2.8,1.8,3.3,5.5,4.9,5.6,3.3,4.4,6.1,6.5,4.2,2.6,2.5,2.8,5.1
2017-11-10 08:00:00,2017-11-12 20:00:00,59127,117.833,24.433000000000003,2.7790683073325084,2.8973982423931366,2.5,3.6045208814991625,3.9290900486343614,3.8,2.8,1.8,3.3,5.5,4.9,5.6,3.3,4.4,6.1,6.5,4.2,2.6,2.5,2.8
2017-11-11 08:00:00,2017-11-13 20:00:00,59127,117.833,24.433000000000003,1.804642753000504,2.50690054424706,3.3,3.0650686759777828,3.926454308533869,2.2,3.8,2.8,1.8,3.3,5.5,4.9,5.6,3.3,4.4,6.1,6.5,4.2,2.6,2.5
2017-11-12 08:00:00,2017-11-14 20:00:00,59127,117.833,24.433000000000003,2.3549102491379625,3.0284560409400005,1.8,1.3399970912914083,2.57875120951293,2.8,2.2,3.8,2.8,1.8,3.3,5.5,4.9,5.6,3.3,4.4,6.1,6.5,4.2,2.6
2017-11-13 08:00:00,2017-11-15 20:00:00,59127,117.833,24.433000000000003,3.200717013179156,2.951220495761845,2.9,2.599188649270076,1.1877467401144366,2.5,2.8,2.2,3.8,2.8,1.8,3.3,5.5,4.9,5.6,3.3,4.4,6.1,6.5,4.2
2017-11-14 08:00:00,2017-11-16 20:00:00,59127,117.833,24.433000000000003,1.3815913470173844,1.6738157033350944,3.0,3.469092153481097,2.6109284816599367,3.3,2.5,2.8,2.2,3.8,2.8,1.8,3.3,5.5,4.9,5.6,3.3,4.4,6.1,6.5
2017-11-15 08:00:00,2017-11-17 20:00:00,59127,117.833,24.433000000000003,2.3437000244203285,2.213914735886533,2.8,1.4370083226263146,3.221726338252719,1.8,3.3,2.5,2.8,2.2,3.8,2.8,1.8,3.3,5.5,4.9,5.6,3.3,4.4,6.1
2017-11-16 08:00:00,2017-11-18 20:00:00,59127,117.833,24.433000000000003,5.616009997247317,5.266995170942437,4.8,3.31473714095332,1.195860134371482,2.9,1.8,3.3,2.5,2.8,2.2,3.8,2.8,1.8,3.3,5.5,4.9,5.6,3.3,4.4
2018-09-29 08:00:00,2018-10-01 20:00:00,59127,117.833,24.433000000000003,2.724115612626065,3.4572172440165336,4.0,1.9956234793755416,1.9984784519348973,4.3,3.1,3.7,2.2,2.7,2.0,2.7,2.4,2.4,2.7,2.0,4.7,8.3,10.0,4.3
2018-09-30 08:00:00,2018-10-02 20:00:00,59127,117.833,24.433000000000003,3.114127994449811,3.810718033704575,3.9,3.120075940395388,2.429438131993753,3.4,4.3,3.1,3.7,2.2,2.7,2.0,2.7,2.4,2.4,2.7,2.0,4.7,8.3,10.0
2018-10-01 08:00:00,2018-10-03 20:00:00,59127,117.833,24.433000000000003,2.6413605753201246,3.8381016719636136,3.7,2.6081726423840785,3.2497011658443724,4.0,3.4,4.3,3.1,3.7,2.2,2.7,2.0,2.7,2.4,2.4,2.7,2.0,4.7,8.3
2018-10-02 08:00:00,2018-10-04 20:00:00,59127,117.833,24.433000000000003,4.4597583976264366,3.198659580881668,5.6,3.148949330273128,2.8968102322957665,4.0,4.0,3.4,4.3,3.1,3.7,2.2,2.7,2.0,2.7,2.4,2.4,2.7,2.0,4.7
2018-10-03 08:00:00,2018-10-05 20:00:00,59127,117.833,24.433000000000003,2.876980512512921,3.436311970520137,3.9,4.355936872856667,2.453735984864674,3.9,4.0,4.0,3.4,4.3,3.1,3.7,2.2,2.7,2.0,2.7,2.4,2.4,2.7,2.0
2018-10-05 08:00:00,2018-10-07 20:00:00,59127,117.833,24.433000000000003,2.0959524212004825,3.394586424789168,4.0,1.6104091570626973,2.1680564252323937,5.6,3.7,3.9,4.0,4.0,3.4,4.3,3.1,3.7,2.2,2.7,2.0,2.7,2.4,2.4
2018-10-06 08:00:00,2018-10-08 20:00:00,59127,117.833,24.433000000000003,1.8888197203914243,2.6768274509037155,3.2,2.2907316237596342,1.6952894817697852,3.9,5.6,3.7,3.9,4.0,4.0,3.4,4.3,3.1,3.7,2.2,2.7,2.0,2.7,2.4
2018-10-07 08:00:00,2018-10-09 20:00:00,59127,117.833,24.433000000000003,1.344033748707946,3.145532120894245,2.7,1.7733408491203575,2.470111783224344,2.6,3.9,5.6,3.7,3.9,4.0,4.0,3.4,4.3,3.1,3.7,2.2,2.7,2.0,2.7
2018-10-08 08:00:00,2018-10-10 20:00:00,59127,117.833,24.433000000000003,3.475863819678827,3.744937064716056,3.1,1.6282225725017776,2.5607195754239704,4.0,2.6,3.9,5.6,3.7,3.9,4.0,4.0,3.4,4.3,3.1,3.7,2.2,2.7,2.0
2018-10-09 08:00:00,2018-10-11 20:00:00,59127,117.833,24.433000000000003,3.877259622207177,4.392969231447523,2.7,3.2799522173448907,1.6376006059561108,3.2,4.0,2.6,3.9,5.6,3.7,3.9,4.0,4.0,3.4,4.3,3.1,3.7,2.2,2.7
2018-10-10 08:00:00,2018-10-12 20:00:00,59127,117.833,24.433000000000003,2.873861835818896,3.943053242307542,3.0,3.529016608319442,2.8336371511750267,2.7,3.2,4.0,2.6,3.9,5.6,3.7,3.9,4.0,4.0,3.4,4.3,3.1,3.7,2.2
2018-10-11 08:00:00,2018-10-13 20:00:00,59127,117.833,24.433000000000003,2.4526000917809463,3.3156422435233712,2.5,3.2452734154640117,3.2232541243200665,3.1,2.7,3.2,4.0,2.6,3.9,5.6,3.7,3.9,4.0,4.0,3.4,4.3,3.1,3.7
2018-10-12 08:00:00,2018-10-14 20:00:00,59127,117.833,24.433000000000003,2.8934354951694212,3.5250733202435645,3.7,2.518782935054883,3.2064338065186404,2.7,3.1,2.7,3.2,4.0,2.6,3.9,5.6,3.7,3.9,4.0,4.0,3.4,4.3,3.1
2018-10-13 08:00:00,2018-10-15 20:00:00,59127,117.833,24.433000000000003,2.0124034877945403,2.7277985743012323,2.7,2.3726118869537642,2.904920484899828,3.0,2.7,3.1,2.7,3.2,4.0,2.6,3.9,5.6,3.7,3.9,4.0,4.0,3.4,4.3
2018-10-14 08:00:00,2018-10-16 20:00:00,59127,117.833,24.433000000000003,2.3442555894915955,2.6600372420811027,3.5,1.215236364524904,2.527184746081213,2.5,3.0,2.7,3.1,2.7,3.2,4.0,2.6,3.9,5.6,3.7,3.9,4.0,4.0,3.4
2018-10-15 08:00:00,2018-10-17 20:00:00,59127,117.833,24.433000000000003,2.1200453184842845,4.128556113600325,3.9,2.879839376519221,1.0741138539761144,3.7,2.5,3.0,2.7,3.1,2.7,3.2,4.0,2.6,3.9,5.6,3.7,3.9,4.0,4.0
2018-10-17 08:00:00,2018-10-19 20:00:00,59127,117.833,24.433000000000003,2.4500903655125774,3.671846358149992,4.3,3.4111662802079983,2.9545525000636452,3.5,2.7,3.7,2.5,3.0,2.7,3.1,2.7,3.2,4.0,2.6,3.9,5.6,3.7,3.9
2018-10-18 08:00:00,2018-10-20 20:00:00,59127,117.833,24.433000000000003,2.8853015381063454,3.0629531435344006,4.1,3.128341234261014,3.3338130668349657,3.9,3.5,2.7,3.7,2.5,3.0,2.7,3.1,2.7,3.2,4.0,2.6,3.9,5.6,3.7
2018-10-19 08:00:00,2018-10-21 20:00:00,59127,117.833,24.433000000000003,1.5575876278492673,2.027318710618601,3.0,3.2032922758934994,2.3637716235352366,4.2,3.9,3.5,2.7,3.7,2.5,3.0,2.7,3.1,2.7,3.2,4.0,2.6,3.9,5.6
2018-10-20 08:00:00,2018-10-22 20:00:00,59127,117.833,24.433000000000003,1.7708919372015337,2.1304946557974063,2.7,1.5068546738381818,3.148023745686642,4.3,4.2,3.9,3.5,2.7,3.7,2.5,3.0,2.7,3.1,2.7,3.2,4.0,2.6,3.9
2018-10-21 08:00:00,2018-10-23 20:00:00,59127,117.833,24.433000000000003,2.8460241845796195,2.6844617739412797,3.2,0.9771499099639159,1.5620376369212516,4.1,4.3,4.2,3.9,3.5,2.7,3.7,2.5,3.0,2.7,3.1,2.7,3.2,4.0,2.6
2018-10-22 08:00:00,2018-10-24 20:00:00,59127,117.833,24.433000000000003,2.5379010936677355,2.4311226648494544,3.5,3.1056568288084074,0.7463406910748119,3.0,4.1,4.3,4.2,3.9,3.5,2.7,3.7,2.5,3.0,2.7,3.1,2.7,3.2,4.0
2018-10-23 08:00:00,2018-10-25 20:00:00,59127,117.833,24.433000000000003,1.3901749085611197,1.42339012335583,3.1,2.8193120948012336,3.1237483349431883,2.7,3.0,4.1,4.3,4.2,3.9,3.5,2.7,3.7,2.5,3.0,2.7,3.1,2.7,3.2
2018-10-24 08:00:00,2018-10-26 20:00:00,59127,117.833,24.433000000000003,2.611264359683978,3.60106004594104,2.5,1.1782806490960391,2.9427448507621734,3.2,2.7,3.0,4.1,4.3,4.2,3.9,3.5,2.7,3.7,2.5,3.0,2.7,3.1,2.7
2018-10-28 08:00:00,2018-10-30 20:00:00,59127,117.833,24.433000000000003,3.590652185906272,6.182823926516223,3.0,2.358273058146256,1.6192672905529195,3.6,2.5,3.1,3.5,3.2,2.7,3.0,4.1,4.3,4.2,3.9,3.5,2.7,3.7,2.5
2018-11-01 08:00:00,2018-11-03 20:00:00,59127,117.833,24.433000000000003,1.9805832744718683,2.931159031250786,1.7,2.288538775090649,4.365253742220982,6.6,3.0,3.1,3.4,3.6,2.5,3.1,3.5,3.2,2.7,3.0,4.1,4.3,4.2,3.9
2018-11-02 08:00:00,2018-11-04 20:00:00,59127,117.833,24.433000000000003,1.4875682147158995,3.054442693944452,1.3,2.542569721941637,2.2409273130917016,5.0,6.6,3.0,3.1,3.4,3.6,2.5,3.1,3.5,3.2,2.7,3.0,4.1,4.3,4.2
2018-11-03 08:00:00,2018-11-05 20:00:00,59127,117.833,24.433000000000003,2.0448849289147946,3.1583628305143066,2.6,1.9229777700588109,2.3092296774980743,3.2,5.0,6.6,3.0,3.1,3.4,3.6,2.5,3.1,3.5,3.2,2.7,3.0,4.1,4.3
2018-11-04 08:00:00,2018-11-06 20:00:00,59127,117.833,24.433000000000003,1.3804755754691789,3.2384506395943617,2.1,1.7584467299702684,1.9825839153201368,1.7,3.2,5.0,6.6,3.0,3.1,3.4,3.6,2.5,3.1,3.5,3.2,2.7,3.0,4.1
2018-11-05 08:00:00,2018-11-07 20:00:00,59127,117.833,24.433000000000003,1.7985556837687275,1.9322904635301936,1.9,1.6034368454308692,1.9329505155694744,1.3,1.7,3.2,5.0,6.6,3.0,3.1,3.4,3.6,2.5,3.1,3.5,3.2,2.7,3.0
2018-11-06 08:00:00,2018-11-08 20:00:00,59127,117.833,24.433000000000003,1.7640306489338706,3.4337272424281764,2.7,2.1173598663645308,1.4220791701090518,2.6,1.3,1.7,3.2,5.0,6.6,3.0,3.1,3.4,3.6,2.5,3.1,3.5,3.2,2.7
2018-11-07 08:00:00,2018-11-09 20:00:00,59127,117.833,24.433000000000003,2.5636775533032363,2.984772187077056,3.9,2.735546062095481,2.2603350935779165,2.1,2.6,1.3,1.7,3.2,5.0,6.6,3.0,3.1,3.4,3.6,2.5,3.1,3.5,3.2
2018-11-08 08:00:00,2018-11-10 20:00:00,59127,117.833,24.433000000000003,1.7979588917311031,2.069567755326375,3.0,2.57885562912669,1.7673683645592404,1.9,2.1,2.6,1.3,1.7,3.2,5.0,6.6,3.0,3.1,3.4,3.6,2.5,3.1,3.5
2018-11-09 08:00:00,2018-11-11 20:00:00,59127,117.833,24.433000000000003,1.1716397363047029,2.5745658847689583,2.4,1.6205656555603636,2.623495988457139,2.7,1.9,2.1,2.6,1.3,1.7,3.2,5.0,6.6,3.0,3.1,3.4,3.6,2.5,3.1
2018-11-10 08:00:00,2018-11-12 20:00:00,59127,117.833,24.433000000000003,3.147612576257066,2.6178144239682983,4.7,1.2627080162731743,1.5735706042823374,3.9,2.7,1.9,2.1,2.6,1.3,1.7,3.2,5.0,6.6,3.0,3.1,3.4,3.6,2.5
2018-11-11 08:00:00,2018-11-13 20:00:00,59127,117.833,24.433000000000003,3.597992156927213,3.4295581126779098,3.9,2.8510630913335264,1.1589597535083775,3.0,3.9,2.7,1.9,2.1,2.6,1.3,1.7,3.2,5.0,6.6,3.0,3.1,3.4,3.6
2018-11-12 08:00:00,2018-11-14 20:00:00,59127,117.833,24.433000000000003,2.5445409737304154,3.205142758791908,4.0,3.6761106445087033,3.413507436496281,2.4,3.0,3.9,2.7,1.9,2.1,2.6,1.3,1.7,3.2,5.0,6.6,3.0,3.1,3.4
2018-11-13 08:00:00,2018-11-15 20:00:00,59127,117.833,24.433000000000003,1.6341381841645797,2.3390692578775543,4.4,2.9033738052782656,3.2657563229329805,4.7,2.4,3.0,3.9,2.7,1.9,2.1,2.6,1.3,1.7,3.2,5.0,6.6,3.0,3.1
2018-11-14 08:00:00,2018-11-16 20:00:00,59127,117.833,24.433000000000003,3.104593594572925,2.5107067160739693,3.9,1.5166131677636134,2.70783322588413,3.9,4.7,2.4,3.0,3.9,2.7,1.9,2.1,2.6,1.3,1.7,3.2,5.0,6.6,3.0
2018-11-15 08:00:00,2018-11-17 20:00:00,59127,117.833,24.433000000000003,1.9095796071772881,2.2717341608871493,3.0,3.2757159060032808,1.1624344107293416,4.0,3.9,4.7,2.4,3.0,3.9,2.7,1.9,2.1,2.6,1.3,1.7,3.2,5.0,6.6
2018-11-16 08:00:00,2018-11-18 20:00:00,59127,117.833,24.433000000000003,1.3323874760697159,3.5003216875346648,1.9,2.214938405890584,3.8483553145014575,4.4,4.0,3.9,4.7,2.4,3.0,3.9,2.7,1.9,2.1,2.6,1.3,1.7,3.2,5.0
2018-11-17 08:00:00,2018-11-19 20:00:00,59127,117.833,24.433000000000003,3.7214024056832815,3.1330761639558204,3.3,1.3909373494640611,1.944973861956456,3.9,4.4,4.0,3.9,4.7,2.4,3.0,3.9,2.7,1.9,2.1,2.6,1.3,1.7,3.2
2018-11-18 08:00:00,2018-11-20 20:00:00,59127,117.833,24.433000000000003,1.5006395076564831,1.451289270762686,3.6,3.5399064217522858,1.4389251004017016,3.0,3.9,4.4,4.0,3.9,4.7,2.4,3.0,3.9,2.7,1.9,2.1,2.6,1.3,1.7
2018-11-19 08:00:00,2018-11-21 20:00:00,59127,117.833,24.433000000000003,2.400093172826117,4.345164738837866,1.8,1.2898121374914289,3.8039725546327854,1.9,3.0,3.9,4.4,4.0,3.9,4.7,2.4,3.0,3.9,2.7,1.9,2.1,2.6,1.3
2018-11-20 08:00:00,2018-11-22 20:00:00,59127,117.833,24.433000000000003,3.4657397926668936,4.214140548043815,2.2,2.312005429566607,1.5402384195620802,3.3,1.9,3.0,3.9,4.4,4.0,3.9,4.7,2.4,3.0,3.9,2.7,1.9,2.1,2.6
2018-11-21 08:00:00,2018-11-23 20:00:00,59127,117.833,24.433000000000003,2.2406079789763163,3.647702945668016,4.2,4.089919263710269,3.116162485746772,3.6,3.3,1.9,3.0,3.9,4.4,4.0,3.9,4.7,2.4,3.0,3.9,2.7,1.9,2.1
2018-11-22 08:00:00,2018-11-24 20:00:00,59127,117.833,24.433000000000003,2.073687851570152,2.5324192199257136,4.3,2.6170405238476966,4.165759547499139,1.8,3.6,3.3,1.9,3.0,3.9,4.4,4.0,3.9,4.7,2.4,3.0,3.9,2.7,1.9
2018-11-23 08:00:00,2018-11-25 20:00:00,59127,117.833,24.433000000000003,1.867569548809154,2.4384233494387217,2.7,1.7777677540176833,2.2570488361550747,2.2,1.8,3.6,3.3,1.9,3.0,3.9,4.4,4.0,3.9,4.7,2.4,3.0,3.9,2.7
2018-11-24 08:00:00,2018-11-26 20:00:00,59127,117.833,24.433000000000003,1.4714155959973976,2.8719444943550343,3.4,1.1667340188442012,2.1003576222817,4.2,2.2,1.8,3.6,3.3,1.9,3.0,3.9,4.4,4.0,3.9,4.7,2.4,3.0,3.9
2018-11-25 08:00:00,2018-11-27 20:00:00,59127,117.833,24.433000000000003,2.139278756157192,1.9229412069125829,2.1,1.8688786179062216,1.716476060411672,4.3,4.2,2.2,1.8,3.6,3.3,1.9,3.0,3.9,4.4,4.0,3.9,4.7,2.4,3.0
2018-11-26 08:00:00,2018-11-28 20:00:00,59127,117.833,24.433000000000003,1.8657383652122503,3.5884254604817443,2.5,1.0068184140924816,1.4362148588080117,2.7,4.3,4.2,2.2,1.8,3.6,3.3,1.9,3.0,3.9,4.4,4.0,3.9,4.7,2.4
2018-11-27 08:00:00,2018-11-29 20:00:00,59127,117.833,24.433000000000003,2.28991218723539,3.5017477330854945,3.8,1.822036919848144,2.2784450565999017,3.4,2.7,4.3,4.2,2.2,1.8,3.6,3.3,1.9,3.0,3.9,4.4,4.0,3.9,4.7
2018-11-28 08:00:00,2018-11-30 20:00:00,59127,117.833,24.433000000000003,2.0655543108619017,2.9826751946134213,2.5,2.485759725132429,1.5928178504767647,2.1,3.4,2.7,4.3,4.2,2.2,1.8,3.6,3.3,1.9,3.0,3.9,4.4,4.0,3.9
