,time,id,lon,lat,10U,10V,10UV,MSL,3h_Dvalue,6h_Dvalue,9h_Dvalue,12h_Dvalue,max_Dvalue,2_min_wind_force
0,2016-01-01 08:00:00,F2273,117.9,24.035,-0.042700999753433534,-3.2635417184544866,3.2638210618036037,0.7314423460852595,1.2768209615544492,0.5228948730343745,0.912538608452678,1.2405380043496734,1.2768209615544492,10.6
1,2016-01-02 08:00:00,F2273,117.9,24.035,-0.7784071640752934,-2.631379036422888,2.744097911228677,0.9868494895715684,2.2313874800673834,1.7245665185130292,0.4662829572049532,0.7419254844172656,2.2313874800673834,14.3
2,2016-01-03 08:00:00,F2273,117.9,24.035,-1.7633254178723388,-2.974049432317845,3.4574971518693625,1.1807019330644837,1.4816140130485564,0.9539260885203475,0.16107600869895575,0.03892399130063495,1.4816140130485564,7.6
3,2016-01-04 08:00:00,F2273,117.9,24.035,-3.719424627732166,-3.6816531214567982,5.233420417672667,1.5337805478643531,2.5527348149615823,2.8060291182664514,2.220595636779649,2.7192081567120567,2.8060291182664514,2.9
4,2016-01-05 08:00:00,F2273,117.9,24.035,-7.598540338488432,-6.976187910934116,10.315280560619726,2.7300313390052224,1.994508886083168,2.399075404596374,2.299075404596352,3.0496710413755177,3.0496710413755177,4.1
5,2016-01-06 08:00:00,F2273,117.9,24.035,-4.918061627737403,-5.854696843213496,7.646228174737994,2.0937025496185697,1.0005380043496643,0.6894619956503902,0.1837170427950241,0.7062829572049623,1.0005380043496643,6.5
6,2016-01-07 08:00:00,F2273,117.9,24.035,-5.696225796427528,-6.774255780108411,8.850849094760266,2.7183662634272423,1.8100000000001728,1.7617164386922468,0.8985374002465959,1.3539708817337441,1.8100000000001728,10.6
7,2016-01-08 08:00:00,F2273,117.9,24.035,-4.009448520843095,-5.297054809933164,6.643377687647072,2.1831782789582803,1.259999999999991,0.06456651851294737,0.9605380043494732,0.6282835613080806,1.259999999999991,9.7
8,2016-01-09 08:00:00,F2273,117.9,24.035,-4.127333162953342,-5.080217261821053,6.545493599822631,1.5454384824914769,1.8689239913003348,0.3266695482590194,1.1959714858365942,1.01543348148698,1.8689239913003348,10.5
9,2016-01-10 08:00:00,F2273,117.9,24.035,-6.01342624632164,-7.085591817848398,9.293379720484367,2.8862184138021116,2.2145665185133794,1.8668209615545948,1.2769251909362538,2.6933880841706923,2.6933880841706923,8.5
10,2016-01-11 08:00:00,F2273,117.9,24.035,-6.463081352076666,-7.525064599579502,9.919577500650202,3.0216964145832885,2.155104522862871,1.4479546026838082,0.6902538389384745,1.106434370500665,2.155104522862871,7.3
11,2016-01-12 08:00:00,F2273,117.9,24.035,-5.116670086592395,-6.253674731517307,8.080146064437665,2.59462776599446,1.6790754045958918,0.7768209615543356,0.004566518513343,0.5705380043492596,1.6790754045958918,9.7
12,2016-01-13 08:00:00,F2273,117.9,24.035,-4.584823794852333,-6.128464686607456,7.65367157936887,2.4291805503994515,1.2082835613080078,0.28907540459590564,1.7856425272125307,1.219075404596197,1.7856425272125307,8.2
13,2016-01-14 08:00:00,F2273,117.9,24.035,-4.9090437368294335,-5.794823925508047,7.5946490858857185,2.1621863295815733,1.8368209615546216,0.8677455569583117,0.28510452286298005,0.4911784343423733,1.8368209615546216,10.6
14,2016-01-15 08:00:00,F2273,117.9,24.035,-2.086999349745013,-4.9645280736821045,5.385360273947681,1.3558190602382183,0.7214322732808114,1.0476431313153398,2.8902265329813868,3.650435578706378,3.650435578706378,9.0
15,2016-01-16 08:00:00,F2273,117.9,24.035,-4.366512197690942,-5.996811939791822,7.418098288228157,2.7908076998402294,2.6582835613080533,3.1833880841705877,3.4588215656577863,5.315642527212162,5.315642527212162,8.5
16,2016-01-17 08:00:00,F2273,117.9,24.035,-5.096342798344941,-7.77596137795293,9.297219222415807,3.6214772555658783,2.2594619956503266,1.9894619956503448,1.824566518513052,3.424508886083232,3.424508886083232,6.4
17,2016-01-18 08:00:00,F2273,117.9,24.035,-6.350873180336353,-9.001485805212829,11.016366771951796,4.329886607758681,1.729461995650354,1.5852711633692709,0.974895477137352,2.078821565657563,2.078821565657563,6.7
18,2016-01-19 08:00:00,F2273,117.9,24.035,-4.632261497127522,-7.255722516828147,8.608330605813016,2.097876348429168,1.3494619956503584,0.12730133347429273,2.229417202437048,2.561342686854573,2.561342686854573,10.7
19,2016-01-20 08:00:00,F2273,117.9,24.035,-6.980399847156402,-7.8282782321194055,10.4884661464704,3.3489649618579733,2.1078969702538197,1.2207470500748059,0.1158200725410552,0.6560774641899343,2.1078969702538197,12.7
20,2016-01-21 08:00:00,F2273,117.9,24.035,-5.379663626014866,-8.200507951828751,9.80760477369852,4.473217312733596,2.6469251909362583,3.2055662336026667,2.848802904477793,3.700670756465229,3.700670756465229,12.1
21,2016-01-22 08:00:00,F2273,117.9,24.035,-3.230434301387063,-8.939663580092057,9.50543479809327,3.6048746935414333,3.1785374002465687,4.175687320425824,4.326225324775123,5.723046286329918,5.723046286329918,12.6
22,2016-01-23 08:00:00,F2273,117.9,24.035,0.2706534454236341,-8.227334497863357,8.231785117898315,4.081061768338486,1.947358965903959,1.2507470500747786,0.2726410340960683,0.36843497460313296,1.947358965903959,10.1
23,2016-01-24 08:00:00,F2273,117.9,24.035,-4.682331977982106,-6.7024229904358625,8.175983530729319,3.122472775418601,1.9668209615547312,0.9145665185130838,0.5468960812404475,0.2741036338493359,1.9668209615547312,8.0
24,2016-01-25 08:00:00,F2273,117.9,24.035,0.2469846325165544,-6.457403154221402,6.462124797993913,2.101621986812688,0.9234328773839025,0.2565216876739669,1.9819702776305803,0.7077455569583435,1.9819702776305803,7.4
25,2016-01-26 08:00:00,F2273,117.9,24.035,-3.2867849594849727,-2.908619957141496,4.388966327619571,1.147917845042116,1.1335656294997989,0.254179927458722,2.2187464459717603,1.3635842906793414,2.2187464459717603,9.8
26,2016-01-27 08:00:00,F2273,117.9,24.035,-3.6247287787939015,-3.9091495872331152,5.331051417420541,2.4274049150380956,1.7026713605681607,1.4566695482592422,0.11243082636076453,0.16015141329546626,1.7026713605681607,11.2
27,2016-01-28 08:00:00,F2273,117.9,24.035,-5.229340480145631,-5.692885136359807,7.730132148487255,2.513145901619623,2.3922544430414514,2.211076008699252,2.0033880841706377,2.888283561307958,2.888283561307958,5.2
28,2016-01-29 08:00:00,F2273,117.9,24.035,-6.828849343267398,-8.266797494173256,10.72255212916742,3.697731617182512,2.268866358871037,1.2566119158292397,0.7783283545215909,1.7694043632207013,2.268866358871037,5.3
29,2016-01-30 08:00:00,F2273,117.9,24.035,-5.899793749946749,-9.006844088419117,10.767116917959099,3.6408497502721966,1.9145088860828992,1.266820961554572,0.3222544430416292,1.4705380043493506,1.9145088860828992,7.9
30,2016-01-31 08:00:00,F2273,117.9,24.035,-6.73149741610297,-9.75415542601743,11.851438964864403,4.677170844889247,2.1301514132956068,1.0973589659042773,0.4068209615550131,0.8533304517407032,2.1301514132956068,10.1
31,2016-02-01 08:00:00,F2273,117.9,24.035,-6.380183513293973,-7.291268233451594,9.688618792967787,3.3209164832728675,1.7521751197086814,1.2160291182665333,0.25774555695829804,0.21419083228101954,1.7521751197086814,10.8
32,2016-02-02 08:00:00,F2273,117.9,24.035,-5.262108985797148,-6.631300308895858,8.465455378487881,2.517103558069607,1.476611915829153,0.4228948730342381,1.0784926070336949,0.3794172024372529,1.476611915829153,12.4
33,2016-02-03 08:00:00,F2273,117.9,24.035,-4.5639138944644415,-6.760516979729532,8.156831484669578,2.9016219868126427,1.5254911139169285,0.7849531095672546,0.18720755260881106,0.4017164386920058,1.5254911139169285,12.7
34,2016-02-04 08:00:00,F2273,117.9,24.035,-5.805798278242601,-7.360600050403362,9.374738756341037,2.8486906354014536,2.3594619956502356,2.6466119158292263,2.8026410340959282,4.670328958624168,4.670328958624168,7.7
35,2016-02-05 08:00:00,F2273,117.9,24.035,-4.760453720331256,-7.902469064400594,9.225558895656354,2.650031339005181,1.7696710413756591,1.144237559888552,0.5631039187599072,1.6713874800675512,1.7696710413756591,9.5
36,2016-02-06 08:00:00,F2273,117.9,24.035,-2.2231594283026297,-3.3739270743158074,4.0405224595901075,1.1287645093530043,2.0245665185134385,1.206282957205076,0.0308506377282356,0.2485374002467325,2.0245665185134385,6.3
37,2016-02-07 08:00:00,F2273,117.9,24.035,0.032713768492923324,-3.604280047498624,3.604428505525625,1.1571738615456295,1.960000000000264,0.9694619956505904,0.6136128134132832,0.01828356130795328,1.960000000000264,8.4
38,2016-02-08 08:00:00,F2273,117.9,24.035,-0.5713430829819953,-3.687780495119763,3.7317767750305126,1.5224686511238588,1.3733880841706425,0.25398372095003197,1.3794043632208286,1.201716438692074,1.3794043632208286,9.3
39,2016-02-09 08:00:00,F2273,117.9,24.035,0.09634996701435916,-3.9880582727278497,3.9892219921704917,1.6147887409163104,1.592982831936638,0.8621030297460948,0.6451045228629937,0.6613874800679014,1.592982831936638,6.3
40,2016-02-10 08:00:00,F2273,117.9,24.035,-0.7146451974113079,-2.7788252555258715,2.8692486052852715,0.436883845233524,1.6445665185129883,0.9191330370260856,0.04377467522488132,0.34317903844510056,1.6445665185129883,4.7
41,2016-02-11 08:00:00,F2273,117.9,24.035,0.26215452413461554,1.0778673402768024,1.1092894111816065,0.482557360796477,1.9143574727879693,1.6843574727878377,1.0243574727879832,1.1875365112337022,1.9143574727879693,4.1
42,2016-02-12 08:00:00,F2273,117.9,24.035,2.030645293784904,2.7057639366155803,3.3829984909633377,0.5064254534389647,2.1165671226159475,1.7065671226162067,1.387105126965935,2.2720006041032548,2.2720006041032548,4.0
43,2016-02-13 08:00:00,F2273,117.9,24.035,-8.059152364488856,-8.205430606973717,11.501262029877738,2.9593637616028445,2.482641034095309,2.148866358871146,2.253179038445296,4.755926050894232,4.755926050894232,5.0
44,2016-02-14 08:00:00,F2273,117.9,24.035,-4.9281725154416,-6.369393029352166,8.053325518337996,2.9263601283919343,1.8899999999998731,1.3348954771374792,0.8171499201787356,1.6345088860828128,1.8899999999998731,6.2
45,2016-02-15 08:00:00,F2273,117.9,24.035,-3.3803441919734314,-5.518512564310714,6.471530559200327,2.4178799189044184,1.5951045228625844,0.9828500798205368,0.4194619956504084,1.0322544430414382,1.5951045228625844,12.7
46,2016-02-16 08:00:00,F2273,117.9,24.035,-3.2330963087682165,-6.665293587236059,7.4080395750711805,2.017734633838927,1.2548954771377794,0.5526410340964958,0.438434974602842,0.4288663588711188,1.2548954771377794,12.3
47,2016-02-17 08:00:00,F2273,117.9,24.035,-2.371411358558547,-5.259105627673192,5.769036647008263,1.3223983476476633,1.189461995650504,0.7148954771374747,0.09789697025394163,0.3317164386919558,1.189461995650504,7.8
48,2016-02-18 08:00:00,F2273,117.9,24.035,-5.473816965134006,-6.341552268206923,8.377228499819571,3.1344242968331173,3.238879198087602,3.2654911139171645,3.242058236533353,4.785104522862866,4.785104522862866,7.8
49,2016-02-19 08:00:00,F2273,117.9,24.035,-5.438800747946466,-8.430617549573348,10.032739697761382,3.8668500433901727,1.516567122616152,1.7748954771373064,0.7105380043497007,1.295971485836617,1.7748954771373064,8.9
50,2016-02-20 08:00:00,F2273,117.9,24.035,-4.7950465257258665,-7.339417163016503,8.766955884265467,1.438585422444589,1.1631790384452645,0.3473589659041636,1.6910760086992696,1.8371051269658665,1.8371051269658665,5.4
51,2016-02-21 08:00:00,F2273,117.9,24.035,-5.867077130650829,-5.793800575913052,8.245648499084616,2.634188181794002,2.4222544430415383,1.4473589659043,0.3073589659040863,1.1133304517409215,2.4222544430415383,12.2
52,2016-02-22 08:00:00,F2273,117.9,24.035,-7.992107780934671,-9.271763908471444,12.240890194610445,4.210951392753486,3.1405380043493096,2.710538004349246,2.245104522862448,3.605642527212012,3.605642527212012,11.6
53,2016-02-23 08:00:00,F2273,117.9,24.035,-7.002135011003077,-9.57571787799698,11.862725976406352,4.499079461737439,2.379461995650217,2.0117164386920194,0.8922544430413382,1.5448378447074451,2.379461995650217,10.5
54,2016-02-24 08:00:00,F2273,117.9,24.035,-5.926878554563872,-8.029789372427006,9.98025083683225,2.7893294059408618,1.6639708817338033,1.0411784343425552,0.4116716454786911,0.27343287738426625,1.6639708817338033,13.2
55,2016-02-25 08:00:00,F2273,117.9,24.035,-4.519344172719807,-5.066007780274137,6.78888109936347,1.522401918123478,1.807954602684049,0.680000000000291,0.5014625997530402,0.3294619956502629,1.807954602684049,13.6
56,2016-02-26 08:00:00,F2273,117.9,24.035,-2.262842536510476,-4.780591144314369,5.28909330926749,1.6347724972411015,1.7540285141634513,0.6211784343424824,0.3510760086992377,0.4711784343423915,1.7540285141634513,13.4
57,2016-02-27 08:00:00,F2273,117.9,24.035,-0.9551682331552804,-4.2723099648629015,4.3777824054532255,2.269325835465452,2.6460291182660285,1.9937746752245853,0.9237746752246494,2.3954911139165915,2.6460291182660285,10.8
58,2016-02-28 08:00:00,F2273,117.9,24.035,-6.624401520876835,-8.679578395013419,10.9186893272489,3.4592206225086097,1.6428500798206187,0.6945665185126018,0.5014625997534949,0.7294043632202829,1.6428500798206187,3.1
59,2016-02-29 08:00:00,F2273,117.9,24.035,-4.979887205161786,-6.369207021962214,8.084928859597147,2.287886805004064,2.061178434342537,0.8446113117265668,0.2402841654106851,1.297403759117742,2.061178434342537,8.9
60,2016-12-01 08:00:00,F2273,117.9,24.035,-6.227465011664612,-8.261442974626403,10.34566384987019,3.3754744303057582,1.9800000000004727,1.7017164386920742,0.298866358871237,0.25225444304192024,1.9800000000004727,6.8
61,2016-12-02 08:00:00,F2273,117.9,24.035,-3.783096950496913,-5.858445493232418,6.9737512239851425,1.5276088902468246,1.4040739491053955,0.8123575104136762,0.6393141350649785,0.5705077326438186,1.4040739491053955,10.3
62,2016-12-03 08:00:00,F2273,117.9,24.035,-2.4729325581210424,-5.265692920495608,5.817466576609844,2.028476639011956,1.9648954771374747,1.5868960812405248,0.3609245954039579,0.934895477137502,1.9648954771374747,9.0
63,2016-12-04 08:00:00,F2273,117.9,24.035,-3.1780067823796063,-5.845134445815767,6.65321905535304,3.3726524161460247,2.3207918432882484,1.9594619956502584,1.3877455569579524,2.589133037026045,2.589133037026045,8.1
64,2016-12-05 08:00:00,F2273,117.9,24.035,-5.561412605665499,-8.712857827332265,10.336498521731633,2.985583213738209,1.0945665185131477,0.7699999999999818,0.7659714858365305,0.8243126795744047,1.0945665185131477,5.7
65,2016-12-06 08:00:00,F2273,117.9,24.035,-5.108573606881087,-7.252650001089482,8.871215042778825,2.7931417773252183,0.7862829572051169,0.1589239913007532,0.8233880841704604,0.3833880841705195,0.8233880841704604,9.4
66,2016-12-07 08:00:00,F2273,117.9,24.035,-3.0455289909281893,-6.225937156485528,6.930911939354818,2.3647324251326154,1.1477455569586257,1.140057632430285,0.2922998779832824,0.4943574727881242,1.1477455569586257,6.7
67,2016-12-08 08:00:00,F2273,117.9,24.035,-4.241459193409158,-8.637847781830628,9.623013581588221,3.389466996236252,1.8323120754716908,1.7794619956503084,1.2645665185129928,2.1088663588708414,2.1088663588708414,7.4
68,2016-12-09 08:00:00,F2273,117.9,24.035,-6.812681268163117,-7.236886721912955,9.939072164310943,3.4766753976425666,1.6657001596420289,1.6557001596420378,0.8311336411290995,1.263926088520293,1.6657001596420289,7.4
69,2016-12-10 08:00:00,F2273,117.9,24.035,-1.2807463335475475,-5.59691310641392,5.741580574340433,1.192113194996523,1.844895477137584,1.7472075526090975,0.9372075526090384,0.8334328773839843,1.844895477137584,8.3
70,2016-12-11 08:00:00,F2273,117.9,24.035,-1.204929664280484,-3.7921563367170696,3.978982932605581,1.5624722215994782,1.28317903844561,0.4977455569585345,0.06946199565038569,0.6340285141635604,1.28317903844561,9.5
71,2016-12-12 08:00:00,F2273,117.9,24.035,-2.2768925629006587,-6.192880136135838,6.59818188014988,3.0201401224377378,2.4360872070024016,2.915104522862748,2.751716438692142,4.537358965904218,4.537358965904218,8.7
72,2016-12-13 08:00:00,F2273,117.9,24.035,-7.274792741189816,-8.818063549853331,11.431572691301927,3.993357919685877,2.4414625997534363,2.7666119158292304,1.6477455569582844,2.7265671226159607,2.7666119158292304,5.1
73,2016-12-14 08:00:00,F2273,117.9,24.035,-7.397755968759844,-10.139088313561436,12.551012118690668,5.088412223440628,2.310174515605695,2.410770152385112,1.7996365112560395,2.847591113939643,2.847591113939643,7.9
74,2016-12-15 08:00:00,F2273,117.9,24.035,-4.727785851204384,-10.1811295739114,11.22529992720113,4.367703848652809,1.260640429992918,0.8866695482595333,0.24493116926691985,0.5802666781546577,1.260640429992918,9.3
75,2016-12-16 08:00:00,F2273,117.9,24.035,-1.78550311786443,-6.060708441187713,6.318244075135717,1.8746625023685508,1.6812238692840538,0.7072529875503051,0.3364640552445053,0.4067149832009136,1.6812238692840538,9.9
76,2016-12-17 08:00:00,F2273,117.9,24.035,0.3310389864634534,-4.257057885214997,4.269909676870219,1.6462887172784804,1.484566518512679,0.5340861465931539,0.7399423675703929,0.3914049673236377,1.484566518512679,9.4
77,2017-01-01 08:00:00,F2273,117.9,24.035,-4.941847600115956,-4.503076084039064,6.685772350403237,1.8008456259776722,2.1645665185131966,1.8205956367793303,0.8549531095671908,1.8517740711221224,2.1645665185131966,4.8
78,2017-01-02 08:00:00,F2273,117.9,24.035,-4.147690699078353,-5.826690713105009,7.1521788848857275,1.6053347175273984,1.8971499201792312,1.557149920179313,0.3011784343423187,0.8456873204254407,1.8971499201792312,7.0
79,2017-01-03 08:00:00,F2273,117.9,24.035,-1.9580438580478423,-2.7018145296680185,3.3367255659949158,0.9174479125238122,1.5725962408822625,0.7786253591490322,0.28476272502155103,0.16092459540402615,1.5725962408822625,3.8
80,2017-01-04 08:00:00,F2273,117.9,24.035,-0.6095290973030204,-2.39709099471932,2.473372385514056,0.8592200686895239,1.4011336411291495,1.0151045228625435,0.1282835613081943,1.0517740711218266,1.4011336411291495,2.5
81,2017-01-05 08:00:00,F2273,117.9,24.035,-4.276367445788209,-4.407444865894598,6.1410820526433145,1.70692391734201,0.6934328773841116,0.025478274700390102,0.5362381639914702,0.1277903501717219,0.6934328773841116,3.7
82,2017-01-06 08:00:00,F2273,117.9,24.035,-1.8880163265213032,-2.5270394098218527,3.154446675409773,1.4176637765438045,1.9760291182664105,1.8782835613079667,1.1765671226162342,1.76264103409585,1.9760291182664105,3.9
83,2017-01-07 08:00:00,F2273,117.9,24.035,-4.967332828094661,-7.641020694148698,9.113703565152619,3.1079887023370247,1.6988663588705322,2.1731790384454825,2.4743126795742683,4.021462599753022,4.021462599753022,4.2
84,2017-01-08 08:00:00,F2273,117.9,24.035,-5.355357008592826,-8.344187209455662,9.914903371991466,2.6407711982072897,2.033970881733353,1.9568209615542853,1.7854625911827495,2.5774037591174874,2.5774037591174874,3.2
85,2017-01-09 08:00:00,F2273,117.9,24.035,-5.522145828022354,-7.804079232733084,9.5602169021796,3.029109693104374,1.8194619956503857,1.3911784343423506,0.2694619956504312,1.0817164386920697,1.8194619956503857,7.0
86,2017-01-10 08:00:00,F2273,117.9,24.035,-5.06462494553986,-5.854028061289216,7.740805538272243,1.3378054911338495,0.4722544430418338,0.5825962408822534,1.7311336411285083,1.4688791980871656,1.7311336411285083,7.6
87,2017-01-11 08:00:00,F2273,117.9,24.035,-5.3551395794013965,-6.506049324941175,8.426517532969292,2.8695449944826805,1.7962381639915748,1.1377455569582935,0.17423755988863832,0.933983720949982,1.7962381639915748,9.3
88,2017-01-12 08:00:00,F2273,117.9,24.035,-6.210387875237676,-9.037014837903342,10.965243031569537,4.14162555728808,1.8016140130491751,1.2944640928700435,0.8365094901864722,1.9933304517410304,1.9933304517410304,9.1
89,2017-01-13 08:00:00,F2273,117.9,24.035,-6.810230554637936,-9.08088877839238,11.350849360856516,4.403395845823527,1.719252949925249,1.7800000000000864,0.9348954771371608,2.174508886083231,2.174508886083231,8.7
90,2017-01-14 08:00:00,F2273,117.9,24.035,-5.061435817509197,-7.813107334673901,9.30928454597345,3.5340669937013445,1.8468209615548403,1.5951045228629257,0.9209245954037896,1.32000000000005,1.8468209615548403,11.1
91,2017-01-15 08:00:00,F2273,117.9,24.035,-4.697300096301666,-7.705987804942322,9.024792310332431,3.055141178097301,1.2796256064336828,1.3270531095901106,0.7627404300156968,1.1575782747231642,1.3270531095901106,8.8
92,2017-01-16 08:00:00,F2273,117.9,24.035,-3.3801996200812625,-5.67018973704067,6.601272689840865,2.0562527694637542,1.7400000000000089,0.5999999999999089,0.23510452286291186,0.7648954771376566,1.7400000000000089,10.8
93,2017-01-17 08:00:00,F2273,117.9,24.035,-4.805492552948435,-5.2574644940894215,7.122758705940684,2.280845625977804,1.4679417634670244,0.4117164386917693,0.2160291182665333,0.8666119158295942,1.4679417634670244,8.9
94,2017-01-18 08:00:00,F2273,117.9,24.035,-5.947653227038541,-6.6281056270798135,8.905412012525252,2.800916483272772,2.1275710413523257,2.3211336411288808,2.203774675224849,3.6337746752247995,3.6337746752247995,7.6
95,2017-01-19 08:00:00,F2273,117.9,24.035,-7.726214618015449,-8.779530994982597,11.695065490004563,3.799575779669112,1.836611915829508,1.9743574727881423,2.15117843434291,3.5694043632206567,3.5694043632206567,5.6
96,2017-01-20 08:00:00,F2273,117.9,24.035,-4.6518147855675585,-7.338649367931317,8.688794815431175,3.447424359568232,1.7916940420855099,1.4868761393090608,1.1682078546602952,2.498014559133253,2.498014559133253,7.3
97,2017-01-21 08:00:00,F2273,117.9,24.035,-4.9365473243449065,-9.974101248922453,11.128890115786627,4.4359045690555385,2.250253838938306,1.691178434341964,1.2519702776298798,2.6328372406042035,2.6328372406042035,9.8
98,2017-01-22 08:00:00,F2273,117.9,24.035,-4.906434243276765,-9.785028299001619,10.946226555113013,4.113004187029446,1.4128500798210553,1.113445716600836,0.11177407112177208,0.6271499201789084,1.4128500798210553,10.1
99,2017-01-23 08:00:00,F2273,117.9,24.035,-5.721509014714803,-9.047543032759618,10.704844713264169,3.129125936779701,1.3937746752246771,0.6326410340957409,0.7633304517407851,0.25113364112917225,1.3937746752246771,10.3
100,2017-01-24 08:00:00,F2273,117.9,24.035,-5.503607745900355,-8.067259965383517,9.765776035206523,3.5234667031181743,1.6462829572049031,1.2477455569583071,0.18285007982126444,0.8133426492286162,1.6462829572049031,10.4
101,2017-01-26 08:00:00,F2273,117.9,24.035,-4.178188047181019,-5.897439642807411,7.227520300778321,1.9093252816464883,1.0977455569585572,0.3211784343425279,1.0393595700069227,0.8888215656575085,1.0977455569585572,9.8
102,2017-01-27 08:00:00,F2273,117.9,24.035,-2.8356445320835872,-3.300011369972513,4.350971725291192,0.9313714887903188,1.6243574727877783,1.3021030297463767,0.7715073929667824,0.6921030297461357,1.6243574727877783,9.5
103,2017-01-28 08:00:00,F2273,117.9,24.035,1.1738940157819595,-2.5863745926069446,2.840309964347454,1.080778339158087,2.11946199565034,1.6372075526087428,0.7134905098140507,0.7372075526087656,2.11946199565034,7.0
104,2017-01-29 08:00:00,F2273,117.9,24.035,-7.328075105976738,-9.771683128416727,12.214191578693207,4.11809748576934,1.5600000000001728,1.2151045228627029,0.14323667087558078,0.6428500798211871,1.5600000000001728,6.2
105,2017-01-30 08:00:00,F2273,117.9,24.035,-5.351787120679365,-7.524048708924066,9.233251559409146,3.228200720403265,2.087358965904059,1.6933880841706923,0.7419254844172656,1.4300000000000637,2.087358965904059,4.7
106,2017-01-31 08:00:00,F2273,117.9,24.035,-7.414583957140175,-10.087295450604072,12.519168693058578,4.130179640727647,2.0265671226156883,2.1191330370256765,1.5262829572045575,2.2639708817330297,2.2639708817330297,11.0
107,2017-02-01 08:00:00,F2273,117.9,24.035,-5.0499265595350415,-7.885712089678244,9.364091702775823,2.078113480948673,0.27714992017865825,0.6333880841708606,1.676238163992025,1.2062957964218413,1.676238163992025,9.9
108,2017-02-02 08:00:00,F2273,117.9,24.035,-2.3402056182588016,-3.63631269364536,4.324272463859837,0.7867784774693973,1.3007918432880388,0.08317903844533703,1.3622544430413654,0.9783289962500704,1.3622544430413654,9.6
109,2017-02-03 08:00:00,F2273,117.9,24.035,-0.06812543221738329,-2.563187877853548,2.5640930505132182,0.5493252816465883,1.8657449528558343,1.3352069485058564,0.2960139550301619,0.6296177313346334,1.8657449528558343,9.6
110,2017-02-04 08:00:00,F2273,117.9,24.035,-6.71708863434922,-8.162090065647629,10.570666675354358,2.831659912949931,2.234357472787337,2.632641034095286,2.378923991300553,2.8323568686845424,2.8323568686845424,7.7
111,2017-02-05 08:00:00,F2273,117.9,24.035,-7.406175585496462,-10.088060705552543,12.514807453657331,3.5946313364702283,1.5934905098140462,1.0112360667723124,1.1721030297463813,1.983432877384076,1.983432877384076,3.9
112,2017-02-06 08:00:00,F2273,117.9,24.035,-5.070175887956434,-6.986956423880926,8.632742530854593,1.526501289163548,0.8648954771372246,0.4526410340957909,0.1805380043496143,0.18117843434242786,0.8648954771372246,8.3
113,2017-02-07 08:00:00,F2273,117.9,24.035,1.6295869420536742,-7.049973807423693,7.235860991414357,3.432095214328342,2.2994619956501765,2.8087464459716784,2.6390306113830766,4.437358965904195,4.437358965904195,11.4
114,2017-02-08 08:00:00,F2273,117.9,24.035,-6.051652868989298,-7.918720241117263,9.966375103508128,3.2849485674935286,1.7272075526088884,2.535491113916919,3.0745665185131656,4.002850079821201,4.002850079821201,10.6
115,2017-02-09 08:00:00,F2273,117.9,24.035,-5.958468224697738,-8.268171331945313,10.19146705627482,3.737805491133941,2.312850079820464,2.466029118265851,2.794566518512738,3.99450888608294,3.99450888608294,7.5
116,2017-02-10 08:00:00,F2273,117.9,24.035,-3.908391204262244,-7.546154381473987,8.498233213709396,3.0368838452334335,1.6099999999996726,1.664028514163192,0.6243574727875512,1.6733752449538315,1.6733752449538315,7.9
117,2017-02-11 08:00:00,F2273,117.9,24.035,-3.6604125866558266,-6.846230088121703,7.763342496892128,2.8009867867488083,1.8745665185131202,2.1248954771374438,1.0254911139170415,2.1217164386921468,2.1248954771374438,10.1
118,2017-02-12 08:00:00,F2273,117.9,24.035,-5.5819035475489125,-7.615638654989394,9.442224279136127,3.3093961389415654,1.7111784343426282,2.0540285141635195,1.7762829572052397,2.6785374002470235,2.6785374002470235,7.8
119,2017-02-13 08:00:00,F2273,117.9,24.035,-4.847754217446333,-7.615381132684798,9.02744430881854,1.927920866384284,1.2697800494522653,0.32752560641074524,0.7936080347183179,0.1866326301449135,1.2697800494522653,8.9
120,2017-02-14 08:00:00,F2273,117.9,24.035,0.8421389100040165,-2.821446535818766,2.9444453634303467,0.6940628694068209,1.2794619956509905,0.2299423675700609,2.042196810611358,1.448821565657454,2.042196810611358,8.2
121,2017-02-15 08:00:00,F2273,117.9,24.035,2.49070588275497,0.7478934267516754,2.6005692400258407,0.23102273456322564,2.071716438692306,1.4540285141634968,0.9762829572052852,1.8698485867047336,2.071716438692306,7.2
122,2017-02-16 08:00:00,F2273,117.9,24.035,-5.244058716118167,-4.963613527960838,7.220637857769267,1.652510701555684,1.8131039187600209,2.4044960468670524,2.4673589659043955,3.9884926070338897,3.9884926070338897,7.2
123,2017-02-17 08:00:00,F2273,117.9,24.035,-7.123024610772843,-7.861092273038228,10.608216218144168,2.119004295557602,0.3511784343423869,1.4856425272120075,2.978492607033332,1.3978969702535549,2.978492607033332,3.5
124,2017-02-18 08:00:00,F2273,117.9,24.035,-1.6902847615811512,-2.4918096176113327,3.0110094230430082,1.3418375753545888,1.9171499201791,1.2668585213975805,0.2931790384452597,0.306820961554422,1.9171499201791,7.4
125,2017-02-19 08:00:00,F2273,117.9,24.035,-7.593348726727251,-8.804512432653162,11.626623932270038,3.8185874007679104,2.484850683924151,3.720057632430212,4.811133641129345,6.501133641129173,6.501133641129173,6.3
126,2017-02-20 08:00:00,F2273,117.9,24.035,-3.0621904932858603,-4.54929586964886,5.483894923024554,0.9984401373787932,1.1582835613082807,0.21887919808762035,1.4654334814867982,1.180538004349387,1.4654334814867982,9.8
127,2017-02-21 08:00:00,F2273,117.9,24.035,-6.074254469026573,-5.743937643915245,8.359987261454165,2.342262181856313,3.1107470500749064,3.0690306113830275,2.2044640928700114,2.4744640928696526,3.1107470500749064,11.0
128,2017-02-22 08:00:00,F2273,117.9,24.035,-7.186518421193688,-8.61488624846565,11.21883737702614,3.3115854851796485,2.121120801912525,2.166073911479316,1.6805827975625791,2.80225444304142,2.80225444304142,5.3
129,2017-02-23 08:00:00,F2273,117.9,24.035,-5.915637763863359,-7.1758463532824015,9.299867796864783,3.248690635401432,1.5962829572049486,0.3290754045959829,0.8943126795747958,0.5860291182668789,1.5962829572049486,7.5
130,2017-02-24 08:00:00,F2273,117.9,24.035,-4.146019250936199,-6.961891219041092,8.102925704638729,2.5933579196860137,1.8014497605367976,1.390328958624309,0.11979095427432185,1.3003289586242772,1.8014497605367976,8.2
131,2017-02-25 08:00:00,F2273,117.9,24.035,-5.367669941910026,-8.47080262322857,10.02827889954106,3.0371738615455115,2.0966119158291576,1.9548954771371427,1.7343574727875648,3.134357472787656,3.134357472787656,10.0
132,2017-02-26 08:00:00,F2273,117.9,24.035,-4.9458901675665805,-7.448153638144728,8.940739464218847,2.3686197781062206,1.6594619956500765,0.6175365112329699,0.5407470500754243,0.44832835452086783,1.6594619956500765,8.7
133,2017-02-27 08:00:00,F2273,117.9,24.035,-1.8770920754282887,-5.119838448490536,5.45309273699592,1.5880590058130792,2.316611915829526,1.5031790384456372,0.17946199565085408,1.0138194684384416,2.316611915829526,8.9
134,2017-02-28 08:00:00,F2273,117.9,24.035,0.9895199016699844,-6.9758894309244415,7.045720899119145,3.0694669962367698,3.264001208205628,3.6357176468980015,2.931404967323373,3.9762556512472433,3.9762556512472433,7.1
135,2017-12-01 08:00:00,F2273,117.9,24.035,-5.67139517317634,-7.556280113630315,9.447861788043518,2.58565050055779,1.942312075470909,1.1994619956499264,0.05371704279525602,0.4105827975625971,1.942312075470909,9.8
136,2017-12-02 08:00:00,F2273,117.9,24.035,-6.1806019636753655,-7.0814210983008925,9.399274727597277,3.0048777101982296,2.3977455569581707,2.3477455569581025,1.4277455569582571,2.1888663588708823,2.3977455569581707,10.2
137,2017-12-03 08:00:00,F2273,117.9,24.035,-7.652490225814372,-9.243459656919873,12.000089711551736,3.9116599129501988,2.5517164386920967,4.011774071121863,3.8889239913008846,4.76774555695863,4.76774555695863,7.7
138,2017-12-04 08:00:00,F2273,117.9,24.035,-5.681891989083785,-8.900863927110366,10.559795226449662,3.7749834769742847,1.662850079820828,2.044566518512738,0.8917164386916738,0.9599423675697378,2.044566518512738,6.8
139,2017-12-05 08:00:00,F2273,117.9,24.035,-3.4197798463397233,-6.396995732695593,7.253719639023621,2.244732425132497,1.5842550471447794,0.8554334814871254,0.3899999999999864,0.5522544430415337,1.5842550471447794,9.5
140,2017-12-06 08:00:00,F2273,117.9,24.035,-5.8808069884700025,-7.254873644026373,9.339008642592967,3.772432703309505,2.1945665185129437,2.616878593984552,2.5005956367795084,4.188341193737983,4.188341193737983,9.5
141,2017-12-07 08:00:00,F2273,117.9,24.035,-5.913732340118988,-9.635709199818868,11.305711918054659,3.8578799189043593,1.5943574727879195,1.3811784343422455,0.201178434342296,0.8011208019125888,1.5943574727879195,8.0
142,2017-12-08 08:00:00,F2273,117.9,24.035,-2.9987289930865857,-4.911157275270306,5.754288953156467,1.26183345106017,1.997207552609097,2.033877100868267,0.9563853828485662,0.7191778302399143,2.033877100868267,8.2
143,2017-12-09 08:00:00,F2273,117.9,24.035,-5.901609575350473,-8.554228203267233,10.392488428352516,3.7208456259775176,2.044566518512852,2.274028514163433,1.9799999999996767,2.8451045228626985,2.8451045228626985,9.0
144,2017-12-10 08:00:00,F2273,117.9,24.035,-5.1560867541283395,-9.17804140264403,10.527187402376084,3.710465048231072,1.7999999999999543,1.7662829572049077,0.997999395897068,1.6702409997220684,1.7999999999999543,8.9
145,2017-12-11 08:00:00,F2273,117.9,24.035,-5.043716461971019,-8.556008906177475,9.931986918605244,3.8910288371808974,1.8888663588709282,1.7494619956503357,1.2166119158291622,1.0411208019123706,1.8888663588709282,8.6
146,2017-12-12 08:00:00,F2273,117.9,24.035,-5.942791076856839,-9.775842396326638,11.440448432687704,3.822187754085576,1.5854911139168737,1.0237746752247858,0.31867015236230145,0.8231790384452324,1.5854911139168737,7.6
147,2017-12-13 08:00:00,F2273,117.9,24.035,-5.939308119197539,-7.0007617604369345,9.180743224879013,2.6009164832728398,1.487017168063403,0.7339708817335122,0.3013298476379305,0.6956296879960746,1.487017168063403,9.1
148,2017-12-14 08:00:00,F2273,117.9,24.035,-4.058514365707518,-4.956103447877587,6.405817687283834,2.196739113986496,2.192850079821028,2.3265671226160967,1.9456425272123847,2.415104522862862,2.415104522862862,11.2
149,2017-12-15 08:00:00,F2273,117.9,24.035,-5.9558949339832985,-8.73166917654517,10.569518961299844,4.748059559632337,2.1760291182665696,2.2888791980874434,2.312103029746368,3.4394619956506176,3.4394619956506176,11.2
150,2017-12-16 08:00:00,F2273,117.9,24.035,-5.92844524112914,-10.259705291765247,11.849388830270634,4.6887650631720135,1.5823120754716908,0.952907712251772,0.4725962408826945,0.799867247885004,1.5823120754716908,6.3
151,2017-12-17 08:00:00,F2273,117.9,24.035,-5.425625107363287,-8.019449853291121,9.682405886715443,4.799650207439754,2.089999999999918,1.9917164386918105,0.9371499201786264,1.8411208019124388,2.089999999999918,9.7
152,2017-12-18 08:00:00,F2273,117.9,24.035,-6.080971727982862,-10.811306472099712,12.404134987583456,5.2945690280801045,2.0691330370259493,2.0162829572050214,1.4134328773839115,2.4996582021587983,2.4996582021587983,10.1
153,2017-12-19 08:00:00,F2273,117.9,24.035,-5.5993816019069715,-10.819334289314993,12.182408168655384,4.559508492849545,1.3391953174952955,0.654299840358135,0.3496710413755864,0.28483784470768114,1.3391953174952955,8.5
154,2017-12-20 08:00:00,F2273,117.9,24.035,-5.989880829637138,-8.98438342517252,10.798046947655358,3.3403374889813904,0.8777455569585301,0.0705380043493733,1.5362381639913565,1.6543703120041755,1.6543703120041755,8.0
155,2017-12-21 08:00:00,F2273,117.9,24.035,-2.366077467986296,-5.041928499156251,5.569503171299614,1.5335569549387174,0.9300000000001774,0.003432877384398125,1.48200060410295,1.4665671226158563,1.48200060410295,10.2
156,2017-12-22 08:00:00,F2273,117.9,24.035,0.9708308720109041,-2.296557558359566,2.4933289395721343,0.9105568119625786,2.42171643869176,1.7045774233354225,1.4200576324298029,2.050057632429798,2.42171643869176,8.9
157,2017-12-23 08:00:00,F2273,117.9,24.035,-6.835200828516457,-9.678276917967407,11.848587024072227,4.372655986621338,2.1051045228628027,2.291387480067897,2.691110538818976,4.148238768094757,4.148238768094757,7.9
158,2017-12-24 08:00:00,F2273,117.9,24.035,-4.712675643900644,-8.719955720927526,9.911959417771596,2.8980210796757997,1.7851045228625253,1.170849475717887,0.2562829572050305,1.0862253247752278,1.7851045228625253,3.1
159,2017-12-25 08:00:00,F2273,117.9,24.035,-5.208838101244656,-7.408060313585402,9.056011924390175,2.86155112951758,1.8568209615547169,1.0800000000001546,0.6317164386922514,1.106611915829717,1.8568209615547169,11.1
160,2017-12-26 08:00:00,F2273,117.9,24.035,-2.593115219709589,-5.675185632243893,6.239549543285718,1.899221808483276,1.6397158345888556,0.8908494757179142,0.2425386084528327,0.3068657547676139,1.6397158345888556,6.9
161,2017-12-27 08:00:00,F2273,117.9,24.035,-2.8904097117807,-4.256453135437623,5.1450813012170125,1.9868494895715685,2.0577455569580247,1.7428500798209825,0.9628500798210098,1.572850079820796,2.0577455569580247,8.9
162,2017-12-28 08:00:00,F2273,117.9,24.035,-5.140884520342702,-6.007885670029977,7.90717293826629,2.139924637698755,1.400000000000091,0.8728500798210916,0.6777455569583708,1.9862829572051623,1.9862829572051623,6.6
163,2017-12-29 08:00:00,F2273,117.9,24.035,-2.4618154007621347,-4.745864914745061,5.346379041597946,2.633283491915222,2.352254443041602,2.525433481487198,1.7832366708754537,3.07549111391711,3.07549111391711,5.1
164,2017-12-30 08:00:00,F2273,117.9,24.035,-5.781780006050588,-8.307873274841336,10.121745817258466,4.061547559042424,2.2517164386920285,2.273179038445392,1.4977455569586482,1.8442998403579625,2.273179038445392,4.7
165,2017-12-31 08:00:00,F2273,117.9,24.035,-4.4186187897197815,-7.308897579901469,8.540736258798432,2.636954702528442,1.7434328773836114,0.8862829572046849,0.17371704279526054,0.7807918432879433,1.7434328773836114,4.4
166,2018-01-02 08:00:00,F2273,117.9,24.035,-4.857076349058271,-5.840315258491827,7.5960827390934655,1.2481173475780452,1.0545520517724754,0.09452335282412604,0.3428069141320975,0.6089095245599765,1.0545520517724754,8.4
167,2018-01-03 08:00:00,F2273,117.9,24.035,-4.1906397185130615,-4.6923223474090126,6.2912121457135175,2.0962527694639452,2.3111336411292323,1.2637746752250223,0.16323667087522153,0.3832366708752488,2.3111336411292323,8.4
168,2018-01-04 08:00:00,F2273,117.9,24.035,-7.358363420268207,-7.65336975441515,10.616947811048988,3.702474199922676,2.201716438691733,1.5362829572048895,0.5771499201789538,1.2058963661510234,2.201716438691733,6.4
169,2018-01-05 08:00:00,F2273,117.9,24.035,-3.89380198768444,-6.241920240933938,7.35685137905314,1.3698896244153502,0.5323120754715092,0.9270474945354864,2.089999999999918,1.3497461610612618,2.089999999999918,4.3
170,2018-01-06 08:00:00,F2273,117.9,24.035,-1.259467750568575,-2.5366636661173305,2.8321231558182776,0.6060002859524047,1.4100000000000816,0.4119254844169973,1.3211784343426416,0.7139708817335304,1.4100000000000816,9.3
171,2018-01-07 08:00:00,F2273,117.9,24.035,1.7888594990513609,-6.592792270812675,6.8311732691707965,3.051060556898392,2.34439316491762,2.94106155116674,3.3598842788339884,4.958959683430408,4.958959683430408,7.2
172,2018-01-08 08:00:00,F2273,117.9,24.035,-1.6777213389230514,-5.838494739490195,6.074764992502379,2.4587994188339053,1.6545665185128655,1.716387186586644,1.810791843288144,2.611716438691701,2.611716438691701,8.4
173,2018-01-09 08:00:00,F2273,117.9,24.035,-3.472118944970666,-9.190541103821502,9.824543538966926,4.595908139531503,1.6597461610615485,1.4651796425484918,1.324793051493998,2.209492322122742,2.209492322122742,4.5
174,2018-01-10 08:00:00,F2273,117.9,24.035,-5.219050620721124,-9.142026048120757,10.526876537993973,4.351730770245466,1.2577455569587528,1.3423120754716822,0.8194619956504994,1.7725834016657702,1.7725834016657702,4.7
175,2018-01-11 08:00:00,F2273,117.9,24.035,-6.636101741150272,-9.009346228197394,11.189556102832332,4.66544205296691,0.9794619956503541,1.1383283545212637,0.6711784343422096,2.041658806262149,2.041658806262149,8.0
176,2018-01-12 08:00:00,F2273,117.9,24.035,-4.094323664082043,-8.11002400878239,9.084931242958802,2.7379466519055318,0.7862829572047758,0.06289487303388341,1.2802841654111037,0.5886253591490913,1.2802841654111037,9.3
177,2018-01-13 08:00:00,F2273,117.9,24.035,-4.262441938817998,-4.5447603979319195,6.230831273305743,2.3956139989246594,1.465104522862248,0.6682835613077032,0.623717042795306,0.2437170427953106,1.465104522862248,9.6
178,2018-01-14 08:00:00,F2273,117.9,24.035,0.4524767535950961,-4.253063946729804,4.277065366289935,0.6555488580762585,1.5202538389388565,0.591774071122245,0.6433304517403258,0.3010183762690985,1.5202538389388565,10.9
179,2018-01-15 08:00:00,F2273,117.9,24.035,-1.326639551233508,-2.7537312148238207,3.0566334589531863,1.83702857648018,2.612312075471664,2.221774071121672,1.6372075526089702,2.3717740711219903,2.612312075471664,7.5
180,2018-01-16 08:00:00,F2273,117.9,24.035,-3.5563219349572552,-6.283385167412948,7.219996874453836,3.0178054911339127,2.7770300072796767,3.3224634887667435,2.5642375598883973,3.3802090457252234,3.3802090457252234,4.2
181,2018-01-22 08:00:00,F2273,117.9,24.035,-5.564473069435978,-7.0652417889274775,8.99338657439373,3.4045912643616703,2.2900000000004184,2.160538004349519,1.5282835613079442,2.404895477137302,2.404895477137302,5.5
182,2018-01-23 08:00:00,F2273,117.9,24.035,-6.9314175031021525,-9.251091697990358,11.559725178694215,3.635476408628848,2.190538004349378,2.0697909542745947,1.259790954274763,1.5748954771371473,2.190538004349378,9.1
183,2018-01-24 08:00:00,F2273,117.9,24.035,-6.618679138136439,-8.046488064026605,10.418871517497717,3.7517343407208728,2.188283561307685,1.8362381639915384,1.5957001596419786,2.4928500798208693,2.4928500798208693,9.1
184,2018-01-25 08:00:00,F2273,117.9,24.035,-7.667076498130279,-10.123905496014046,12.699508829888073,4.060072835618144,1.3154911139165506,0.8348954771372519,0.03642836311462362,0.34547827470009906,1.3154911139165506,9.2
185,2018-01-26 08:00:00,F2273,117.9,24.035,-2.9533478665397728,-5.412376348533641,6.1657182354500595,1.3855982502055897,1.065491113916778,0.4027924473912208,2.5093467307905257,2.8621968106115223,2.8621968106115223,9.6
186,2018-01-27 08:00:00,F2273,117.9,24.035,-5.644347864062986,-8.766420357721817,10.42635068942302,3.8033958458232746,3.093819468438028,3.2022992362551577,3.613432877383957,4.225091683646042,4.225091683646042,10.8
187,2018-01-28 08:00:00,F2273,117.9,24.035,-6.65996065447067,-8.954354500899061,11.159549294074054,4.198518135624795,1.705104522862598,1.2990754045962376,0.5673589659041909,1.5245088860833675,1.705104522862598,10.6
188,2018-01-29 08:00:00,F2273,117.9,24.035,-5.003218590881279,-8.024854163813236,9.456769036970854,3.1826159145127804,1.9689368305173505,1.4460867506962811,0.8045478573332048,0.7200576324299846,1.9689368305173505,10.4
189,2018-01-30 08:00:00,F2273,117.9,24.035,-3.2831115573455287,-7.079382012534357,7.803619107655806,3.7096122813021566,2.121716438692033,1.7122544430419566,0.7571499201791312,1.0785374002466597,2.121716438692033,9.0
190,2018-01-31 08:00:00,F2273,117.9,24.035,-7.061882693005152,-8.153756345469331,10.786747874639838,3.3433974379754545,1.6077455569588892,1.9191201978096613,1.0671499201791903,1.7694043632207013,1.9191201978096613,7.9
191,2018-02-01 08:00:00,F2273,117.9,24.035,-5.290000188854494,-8.869887953353798,10.327585114785132,3.820500996044984,2.151716438691892,2.001507392966687,1.8891953174952505,3.0620453973160693,3.0620453973160693,9.0
192,2018-02-02 08:00:00,F2273,117.9,24.035,-5.841704560714297,-9.555274262841088,11.1994990250807,4.390535351707285,2.0866410255250685,2.090311471368296,1.135744952855248,2.0634328773840025,2.090311471368296,6.5
193,2018-02-03 08:00:00,F2273,117.9,24.035,-5.799258373780867,-8.44888571961399,10.2476859626437,3.8717271997697935,1.9911784343426007,1.4094619956504175,0.9443574727877148,2.0162253247754047,2.0162253247754047,9.2
194,2018-02-04 08:00:00,F2273,117.9,24.035,-5.088423604992821,-9.527540383089425,10.801207364699929,4.312020786557697,1.5809245954039852,0.5086701523625834,0.10264103409599556,0.6267633291249695,1.5809245954039852,8.7
195,2018-02-05 08:00:00,F2273,117.9,24.035,-4.38847053950925,-9.321213088977387,10.3026058415463,3.6060028252603615,1.0433880841709424,0.1448954771371973,1.5063580768904783,0.11583291175747945,1.5063580768904783,7.5
196,2018-02-06 08:00:00,F2273,117.9,24.035,-3.824997374017313,-6.8115344222641685,7.812016775259062,2.934912065860317,0.9694619956504766,0.09984858670475204,1.0110760086993196,0.0851045228627072,1.0110760086993196,8.0
197,2018-02-07 08:00:00,F2273,117.9,24.035,-2.9649730552947453,-7.153348313273653,7.743478372775303,2.322688363959969,1.5528500798211553,0.6597461610613209,0.02264103409584095,0.2221823530792335,1.5528500798211553,9.7
198,2018-02-08 08:00:00,F2273,117.9,24.035,-1.558236922837844,-4.0181676516494464,4.309730105755716,1.230952431087189,1.6947755642382845,1.1891330370258402,0.8769362264142728,1.5310585214432422,1.6947755642382845,9.7
199,2018-02-09 08:00:00,F2273,117.9,24.035,-7.925019219404263,-7.603176979169191,10.982450992583363,2.9709544094099565,2.4700000000005957,3.0743126795748594,3.4420582365333985,5.330595636779776,5.330595636779776,6.7
200,2018-02-10 08:00:00,F2273,117.9,24.035,-4.6828310967869715,-7.5115266778207825,8.851663126929788,3.2940634232259063,1.947149920179072,2.2217164386920563,1.9280745155829209,3.310328958624268,3.310328958624268,7.6
201,2018-02-11 08:00:00,F2273,117.9,24.035,-3.156427271582011,-6.9062692115139175,7.59339104370977,2.4653676251964503,1.3094619956507358,0.7477455569587619,0.29828356130815337,1.5428500798211644,1.5428500798211644,9.9
202,2018-02-12 08:00:00,F2273,117.9,24.035,-2.4895968139062754,-4.335606256964758,4.9995573715324255,0.8993576589849681,0.7613874800674694,0.2508669629741007,1.0354800784389226,0.7708669629741962,1.0354800784389226,7.1
203,2018-02-13 08:00:00,F2273,117.9,24.035,0.9462373943132596,-1.8808352155219248,2.105446820592758,0.8540592989312472,1.5538327639610543,1.1594619956506451,0.19741659833448466,0.4323120754714864,1.5538327639610543,7.8
204,2018-02-14 08:00:00,F2273,117.9,24.035,-2.8644801108817237,-2.9651957007069343,4.122818435139712,1.2465048596390034,2.3249717707468562,1.4975680116292551,0.08770076374469228,0.7898254843943278,2.3249717707468562,6.8
205,2018-02-15 08:00:00,F2273,117.9,24.035,-6.0207066616415865,-6.891093751490443,9.15074214462226,2.7022621818563266,2.7671499201787806,2.9677455569579934,2.441329847637576,4.231076008699007,4.231076008699007,4.6
206,2018-02-16 08:00:00,F2273,117.9,24.035,-4.036237963585022,-5.697238764431207,6.982101863881862,1.3519427883113622,1.9048954771375293,1.5394619956507545,0.9694619956504766,1.3505827975629927,1.9048954771375293,5.4
207,2018-02-17 08:00:00,F2273,117.9,24.035,-1.530617464840446,-1.6829691440824854,2.274901088752724,0.8578793650857506,1.586029118266424,1.1160291182660558,0.3782835613078532,0.9715202321831384,1.586029118266424,8.9
208,2018-02-18 08:00:00,F2273,117.9,24.035,-4.595870349788823,-4.409082875085633,6.368833179746617,1.5772993324608249,2.684318501538087,2.5365671226161344,1.6825962408827309,2.150550843566407,2.684318501538087,7.7
209,2018-02-19 08:00:00,F2273,117.9,24.035,-4.562709200138844,-4.5724343212340655,6.459525591483548,2.2924362737852557,2.4150468904329045,1.6305380043500008,0.7982835613080397,1.6577455569585031,2.4150468904329045,5.4
210,2018-02-20 08:00:00,F2273,117.9,24.035,-5.998479132226021,-7.044868101064763,9.252670882569577,2.8486233485818966,2.330582797562556,1.5374037591171827,0.8134328773835477,2.2187632914989317,2.330582797562556,7.8
211,2018-02-21 08:00:00,F2273,117.9,24.035,-6.403783021976326,-6.790056671188612,9.333450947559816,2.7932870623908457,2.1313298476381988,2.04735896590455,0.9602090457254916,2.176434370500488,2.176434370500488,8.7
212,2018-02-22 08:00:00,F2273,117.9,24.035,-3.599718022176795,-5.835321045579565,6.8563066985198535,1.353428223162041,1.1177455569584254,0.5877455569589074,0.33822592887804603,0.4966695482595469,1.1177455569584254,8.0
213,2018-02-23 08:00:00,F2273,117.9,24.035,-2.109941799024477,-2.8792611356904776,3.5695936859491817,1.7402139963895706,1.6060291182662922,0.8677455569586527,0.1939708817334349,0.4623120754716865,1.6060291182662922,7.6
214,2018-02-24 08:00:00,F2273,117.9,24.035,-6.160685436252924,-7.602490928812013,9.785290663395124,3.2279922728125716,1.5494619956499491,0.771716438691783,0.4511336411289904,2.124566518512779,2.124566518512779,7.6
215,2018-02-25 08:00:00,F2273,117.9,24.035,-4.013130187951008,-6.700529277542742,7.810397333340419,1.2998362560889518,1.4648954771372467,0.3440285141630284,1.0859714858369216,0.4077007637454244,1.4648954771372467,4.9
216,2018-02-26 08:00:00,F2273,117.9,24.035,-0.21934710813777733,-2.7950370138943983,2.803630693027904,0.7237384974329188,1.7683283545213726,0.3266119158294032,1.6439260885201747,1.2399552067865898,1.7683283545213726,8.5
217,2018-02-27 08:00:00,F2273,117.9,24.035,-4.584293060223565,-3.637462486512149,5.852083065268049,2.065437928672736,2.418283561308499,2.269955206787131,1.705313568588167,2.6130591255467834,2.6130591255467834,7.9
218,2018-02-28 08:00:00,F2273,117.9,24.035,-3.2677394158468496,-3.791303950017413,5.005207940864869,1.3701760702518868,1.5900000000000318,0.9500000000002728,0.3260291182666606,1.5472075526085969,1.5900000000000318,5.6
219,2018-12-01 08:00:00,F2273,117.9,24.035,-0.9334194696217044,-2.8433183607162413,2.992612772587686,0.8721478496250938,1.4482835613081306,1.2645665185131063,0.6468209615543401,0.7811336411291451,1.4482835613081306,8.0
220,2018-12-02 08:00:00,F2273,117.9,24.035,1.2012415300485966,-0.5242642483097949,1.310661747198463,0.4929950677554871,1.3554334814871254,1.0114625997537132,0.10317903844543252,0.4767918518588203,1.3554334814871254,2.4
221,2018-12-03 08:00:00,F2273,117.9,24.035,-7.405174696482992,-6.798689005102459,10.05279983256073,3.0082630287934085,1.7328500798207642,1.801716438691756,2.081076008698801,2.5828052866074813,2.5828052866074813,2.7
222,2018-12-04 08:00:00,F2273,117.9,24.035,-5.521225092198892,-6.6058567259095184,8.609371034051831,1.6151844139933471,1.7631790384452868,1.290327796614406,0.3917164386920149,0.04117843434198677,1.7631790384452868,3.7
223,2018-12-05 08:00:00,F2273,117.9,24.035,-8.202834737300353,-8.749770117783028,11.993538878976054,3.706223962600689,2.31285007982126,3.2668209615546857,2.8771627593956737,3.7854463207035,3.7854463207035,9.8
224,2018-12-06 08:00:00,F2273,117.9,24.035,-7.47575723507618,-9.917167075643981,12.419224977591428,4.119233128059591,2.019999999999982,1.645687320425509,0.7894619956504131,1.3666119158292531,2.019999999999982,4.0
225,2018-12-08 08:00:00,F2273,117.9,24.035,-4.827530136434577,-7.663685220180107,9.057434425497712,2.68077119820714,1.4482835613080167,0.658776130715637,0.9182835613080442,0.8028500798210416,1.4482835613080167,11.5
226,2018-12-09 08:00:00,F2273,117.9,24.035,-2.112913005815193,-5.116853725012271,5.535936543468949,1.9411136239249345,1.3380745155828893,0.7926410340958228,0.5151045228627709,0.3788791980875885,1.3380745155828893,11.3
227,2018-12-10 08:00:00,F2273,117.9,24.035,-5.167954083128671,-8.537776276124129,9.980048754714293,4.197174415364543,3.1062253247748686,3.5040285141632235,3.6117164386918152,4.891729277908438,4.891729277908438,9.7
228,2018-12-11 08:00:00,F2273,117.9,24.035,-6.699008175355681,-8.913660642123613,11.150338854780411,3.2460731287362705,1.929461995650172,2.1188663588704912,1.5049402703505166,1.338972337224277,2.1188663588704912,7.7
229,2018-12-12 08:00:00,F2273,117.9,24.035,-6.976312419811671,-8.155073420571375,10.731922356862643,3.743811333050644,2.1300000000003365,1.6894619956506176,0.7971499201789811,1.4221968106119218,2.1300000000003365,10.3
230,2018-12-13 08:00:00,F2273,117.9,24.035,-6.2083625103616535,-8.373758733463879,10.42418343978686,3.3608491964532727,0.9077007637449696,0.2477007637451152,0.7460162790498543,0.453252941354549,0.9077007637449696,8.5
231,2018-12-14 08:00:00,F2273,117.9,24.035,-3.647954734429735,-5.990835718112861,7.014106239989894,1.3146236417002228,1.0899999999996908,0.5994619956502447,0.180538004349728,0.19259624088260807,1.0899999999996908,8.5
232,2018-12-15 08:00:00,F2273,117.9,24.035,-2.905236612853422,-5.770768406845376,6.460817888016094,2.7055796432628085,2.343208148141457,2.8600000000003547,2.516029118266374,2.8905380043496507,2.8905380043496507,9.7
233,2018-12-16 08:00:00,F2273,117.9,24.035,-4.623017505716431,-7.706908023190593,8.987142044948444,3.1663595745733346,1.5434328773841344,1.1117164386920422,0.3934328773841571,1.0913298476380078,1.5434328773841344,8.8
234,2018-12-17 08:00:00,F2273,117.9,24.035,-3.4873223101917974,-5.986149928429493,6.927871813248125,1.5870090200437517,1.4299999999998363,0.4368960812402065,0.016029118266601472,0.2739708817337032,1.4299999999998363,5.6
235,2018-12-18 08:00:00,F2273,117.9,24.035,-0.00708331190909802,-2.263000720367856,2.263011805911104,0.6746236417001228,1.1822544430416428,0.25,0.7454334814869981,0.610538004349678,1.1822544430416428,8.2
236,2018-12-19 08:00:00,F2273,117.9,24.035,-1.6560879739750698,-2.8441608831558214,3.2911819315890987,1.4477002781770807,2.109287480044713,2.1933880841703512,1.8274165983340247,1.9357001596420105,2.1933880841703512,8.2
237,2018-12-20 08:00:00,F2273,117.9,24.035,-1.2041594571286225,-4.740018004466865,4.890579789847247,1.6554005563541525,1.9995067888633,1.2515073929664595,1.2394619956503448,0.92004479321281,1.9995067888633,5.3
238,2018-12-21 08:00:00,F2273,117.9,24.035,-2.62863098070546,-4.0940932462378035,4.865316057730941,1.5816964145832344,2.195149316075913,1.4589239913005938,0.04892399130062586,0.4738194684379096,2.195149316075913,4.8
239,2018-12-22 08:00:00,F2273,117.9,24.035,-7.885370966966588,-9.452951608197836,12.31005155934002,4.289758990871974,1.7266700045655623,1.6556873204254998,0.6971947133922641,1.0571499201788583,1.7266700045655623,3.6
240,2018-12-23 08:00:00,F2273,117.9,24.035,-3.7901911580202037,-8.082077454706146,8.92667491276589,3.0007711982073038,1.7868209615543265,0.9723120754712228,0.16258340166598373,0.21377467522518145,1.7868209615543265,4.7
241,2018-12-24 08:00:00,F2273,117.9,24.035,-3.1645388359346414,-3.6483335170656472,4.829559348003001,1.7622530625822037,1.2948954771370609,0.495700159642297,0.474895477137693,0.07489547713737467,1.2948954771370609,12.0
242,2018-12-25 08:00:00,F2273,117.9,24.035,-5.619642339357259,-6.785159834704888,8.810151758329093,3.1041713140394904,2.2166119158290485,2.3771499201787947,2.120924595403494,3.1532366708751165,3.1532366708751165,10.3
243,2018-12-26 08:00:00,F2273,117.9,24.035,-8.919767757777144,-10.39805043975296,13.699697434627067,5.423889331297006,3.3356425272122587,3.66338808417072,3.133179038445292,4.838225928878273,4.838225928878273,11.2
244,2018-12-27 08:00:00,F2273,117.9,24.035,-8.369742124538355,-11.116916993254476,13.91540249745518,5.864808831226583,2.2894619956498445,2.8519831168468954,1.819461995650272,2.691462599753322,2.8519831168468954,6.9
245,2018-12-28 08:00:00,F2273,117.9,24.035,-5.844528018915367,-10.713570934249487,12.204061206298592,4.558228119312616,2.526282957204785,1.6345665185126563,0.6799552067866443,0.9965671226161704,2.526282957204785,11.1
246,2018-12-29 08:00:00,F2273,117.9,24.035,-5.062087282980001,-9.302656775447698,10.590757798301821,4.55067706629734,1.7859714858361713,0.9854334814867798,0.20682096155474028,0.915433481486616,1.7859714858361713,10.9
247,2018-12-30 08:00:00,F2273,117.9,24.035,-6.262828475105442,-8.912864918132863,10.893217227131526,4.085723336175988,1.7672075526088518,1.5426410340955954,0.25607391147968883,0.3599999999999,1.7672075526088518,11.2
